car,charge_segment,mileage,gt_capacity,pred_capacity,error
EV_001,233.0,20556.26,32.560001373291016,33.849388122558594,1.2893867492675781
EV_001,234.0,20556.26,32.560001373291016,33.90141296386719,1.3414115905761719
EV_001,235.0,20556.26,32.560001373291016,33.54045867919922,0.9804573059082031
EV_001,238.0,20556.26,32.560001373291016,33.848243713378906,1.2882423400878906
EV_001,239.0,20556.26,32.560001373291016,33.11122131347656,0.5512199401855469
EV_001,240.0,20556.26,32.560001373291016,32.678016662597656,0.11801528930664062
EV_001,244.0,20556.26,32.560001373291016,33.87381362915039,1.313812255859375
EV_001,245.0,20556.26,32.560001373291016,33.790565490722656,1.2305641174316406
EV_001,246.0,20556.26,32.560001373291016,32.69886779785156,0.13886642456054688
EV_001,248.0,20556.26,32.560001373291016,33.8057861328125,1.2457847595214844
EV_001,250.0,20556.26,32.560001373291016,32.74717712402344,0.18717575073242188
EV_001,251.0,20556.26,32.560001373291016,32.64897537231445,0.0889739990234375
EV_001,252.0,20556.26,32.560001373291016,32.69102096557617,0.13101959228515625
EV_001,253.0,20556.26,32.560001373291016,32.974578857421875,0.4145774841308594
EV_001,256.0,20556.26,32.560001373291016,32.75255584716797,0.19255447387695312
EV_001,257.0,20556.26,32.560001373291016,32.48652267456055,-0.07347869873046875
EV_001,258.0,20556.26,32.560001373291016,32.50897216796875,-0.051029205322265625
EV_001,259.0,20556.26,32.560001373291016,32.525360107421875,-0.034641265869140625
EV_001,260.0,20556.26,32.560001373291016,32.620361328125,0.060359954833984375
EV_001,261.0,20556.26,32.560001373291016,32.753662109375,0.19366073608398438
EV_001,263.0,20556.26,32.560001373291016,32.83013153076172,0.2701301574707031
EV_001,264.0,20556.26,32.560001373291016,32.65558624267578,0.09558486938476562
EV_001,266.0,20556.26,32.560001373291016,32.55095672607422,-0.009044647216796875
EV_001,267.0,20556.26,32.560001373291016,34.81623458862305,2.2562332153320312
EV_001,268.0,20556.26,32.560001373291016,33.68429946899414,1.124298095703125
EV_001,276.0,20556.26,32.560001373291016,33.73114013671875,1.1711387634277344
EV_001,278.0,20556.26,32.560001373291016,32.75227355957031,0.19227218627929688
EV_001,279.0,20556.26,32.560001373291016,32.79911804199219,0.23911666870117188
EV_001,280.0,20556.26,32.560001373291016,32.56941223144531,0.009410858154296875
EV_001,281.0,20556.26,32.560001373291016,32.70570373535156,0.14570236206054688
EV_001,282.0,20556.26,32.560001373291016,32.686214447021484,0.12621307373046875
EV_001,283.0,20556.26,32.560001373291016,32.56793212890625,0.007930755615234375
EV_001,284.0,20556.26,32.560001373291016,32.52235412597656,-0.037647247314453125
EV_001,287.0,20556.26,32.560001373291016,33.74690246582031,1.1869010925292969
EV_001,290.0,20556.26,32.560001373291016,33.527931213378906,0.9679298400878906
EV_001,291.0,20556.26,32.560001373291016,33.42578125,0.8657798767089844
EV_001,293.0,20556.26,32.560001373291016,32.68310546875,0.12310409545898438
EV_001,295.0,20556.26,32.560001373291016,32.835662841796875,0.2756614685058594
EV_001,296.0,20556.26,32.560001373291016,32.602882385253906,0.042881011962890625
EV_001,297.0,20556.26,32.560001373291016,32.734336853027344,0.17433547973632812
EV_001,298.0,20556.26,32.560001373291016,32.89948654174805,0.33948516845703125
EV_001,300.0,20556.26,32.560001373291016,32.59772872924805,0.03772735595703125
EV_001,301.0,20556.26,32.560001373291016,32.554908752441406,-0.005092620849609375
EV_001,302.0,20556.26,32.560001373291016,32.654754638671875,0.09475326538085938
EV_001,303.0,20556.26,32.560001373291016,32.6684684753418,0.10846710205078125
EV_001,304.0,20556.26,32.560001373291016,32.86812210083008,0.3081207275390625
EV_001,305.0,20556.26,32.560001373291016,32.926597595214844,0.3665962219238281
EV_001,306.0,20556.26,32.560001373291016,32.900856018066406,0.3408546447753906
EV_001,311.0,20556.26,32.560001373291016,34.79180145263672,2.231800079345703
EV_001,307.0,20556.26,32.560001373291016,33.947662353515625,1.3876609802246094
EV_001,308.0,20556.26,32.560001373291016,33.639122009277344,1.0791206359863281
EV_001,312.0,20556.26,32.560001373291016,34.8314094543457,2.2714080810546875
EV_001,313.0,20556.26,32.560001373291016,34.34687423706055,1.7868728637695312
EV_001,309.0,20556.26,32.560001373291016,34.13921356201172,1.5792121887207031
EV_001,310.0,20556.26,32.560001373291016,32.672996520996094,0.11299514770507812
EV_001,315.0,20556.26,32.560001373291016,32.5177001953125,-0.042301177978515625
EV_001,311.0,20556.26,32.560001373291016,32.63215637207031,0.07215499877929688
EV_001,312.0,20556.26,32.560001373291016,33.45610427856445,0.8961029052734375
EV_001,314.0,20556.26,32.560001373291016,32.70289993286133,0.1428985595703125
EV_001,316.0,20556.26,32.560001373291016,32.47445297241211,-0.08554840087890625
EV_001,315.0,20556.26,32.560001373291016,34.03860855102539,1.478607177734375
EV_001,317.0,20556.26,32.560001373291016,32.58372497558594,0.023723602294921875
EV_001,314.0,20556.26,32.560001373291016,34.30865478515625,1.7486534118652344
EV_001,318.0,20556.26,32.560001373291016,32.614768981933594,0.054767608642578125
EV_001,319.0,20556.26,32.560001373291016,32.611942291259766,0.05194091796875
EV_001,315.0,20556.26,32.560001373291016,33.87564468383789,1.315643310546875
EV_001,317.0,20556.26,32.560001373291016,33.593936920166016,1.033935546875
EV_001,320.0,20556.26,32.560001373291016,32.64818572998047,0.08818435668945312
EV_001,316.0,20556.26,32.560001373291016,32.67585372924805,0.11585235595703125
EV_001,318.0,20556.26,32.560001373291016,33.838356018066406,1.2783546447753906
EV_001,321.0,20556.26,32.560001373291016,33.790340423583984,1.2303390502929688
EV_001,317.0,20556.26,32.560001373291016,32.75808334350586,0.19808197021484375
EV_001,322.0,20556.26,32.560001373291016,32.7936897277832,0.2336883544921875
EV_001,323.0,20556.26,32.560001373291016,32.599876403808594,0.039875030517578125
EV_001,319.0,20556.26,32.560001373291016,34.00634002685547,1.4463386535644531
EV_001,320.0,20556.26,32.560001373291016,33.412139892578125,0.8521385192871094
EV_001,324.0,20556.26,32.560001373291016,32.60717010498047,0.047168731689453125
EV_001,321.0,20556.26,32.560001373291016,33.43919372558594,0.8791923522949219
EV_001,320.0,20556.26,32.560001373291016,33.56040954589844,1.0004081726074219
EV_001,322.0,20556.26,32.560001373291016,34.4921875,1.9321861267089844
EV_001,325.0,20556.26,32.560001373291016,32.717529296875,0.15752792358398438
EV_001,321.0,20556.26,32.560001373291016,33.13616943359375,0.5761680603027344
EV_001,323.0,20556.26,32.560001373291016,33.7530632019043,1.1930618286132812
EV_001,326.0,20556.26,32.560001373291016,32.63172912597656,0.07172775268554688
EV_001,324.0,20556.26,32.560001373291016,34.39391326904297,1.8339118957519531
EV_001,327.0,20556.26,32.560001373291016,32.80112075805664,0.241119384765625
EV_001,323.0,20556.26,32.560001373291016,32.59361267089844,0.033611297607421875
EV_001,325.0,20556.26,32.560001373291016,34.58967590332031,2.029674530029297
EV_001,326.0,20556.26,32.560001373291016,34.012393951416016,1.452392578125
EV_001,327.0,20556.26,32.560001373291016,34.415767669677734,1.8557662963867188
EV_001,329.0,20556.26,32.560001373291016,33.70958709716797,1.1495857238769531
EV_001,328.0,20556.26,32.560001373291016,33.92184829711914,1.361846923828125
EV_001,330.0,20556.26,32.560001373291016,33.8014030456543,1.2414016723632812
EV_001,325.0,20556.26,32.560001373291016,32.720497131347656,0.16049575805664062
EV_001,331.0,20556.26,32.560001373291016,33.66754913330078,1.1075477600097656
EV_001,326.0,20556.26,32.560001373291016,33.508419036865234,0.9484176635742188
EV_001,332.0,20556.26,32.560001373291016,33.812591552734375,1.2525901794433594
EV_001,327.0,20556.26,32.560001373291016,34.03101348876953,1.4710121154785156
EV_001,330.0,20556.26,32.560001373291016,33.71635055541992,1.1563491821289062
EV_001,333.0,20556.26,32.560001373291016,32.50418472290039,-0.055816650390625
EV_001,328.0,20556.26,32.560001373291016,34.377689361572266,1.81768798828125
EV_001,331.0,20556.26,32.560001373291016,34.13505554199219,1.5750541687011719
EV_001,334.0,20556.26,32.560001373291016,32.507755279541016,-0.05224609375
EV_001,329.0,20556.26,32.560001373291016,35.08106994628906,2.521068572998047
EV_001,332.0,20556.26,32.560001373291016,34.11943817138672,1.5594367980957031
EV_001,335.0,20556.26,32.560001373291016,32.72154235839844,0.16154098510742188
EV_001,330.0,20556.26,32.560001373291016,33.093505859375,0.5335044860839844
EV_001,336.0,20556.26,32.560001373291016,33.489341735839844,0.9293403625488281
EV_001,331.0,20556.26,32.560001373291016,33.009666442871094,0.4496650695800781
EV_001,334.0,20556.26,32.560001373291016,32.512054443359375,-0.047946929931640625
EV_001,332.0,20556.26,32.560001373291016,32.591285705566406,0.031284332275390625
EV_001,335.0,20556.26,32.560001373291016,33.13397216796875,0.5739707946777344
EV_001,333.0,20556.26,32.560001373291016,32.954505920410156,0.3945045471191406
EV_001,336.0,20556.26,32.560001373291016,34.81721115112305,2.2572097778320312
EV_001,334.0,20556.26,32.560001373291016,32.7154655456543,0.15546417236328125
EV_001,337.0,20556.26,32.560001373291016,34.07946014404297,1.5194587707519531
EV_001,339.0,20556.26,32.560001373291016,32.568885803222656,0.008884429931640625
EV_001,335.0,20556.26,32.560001373291016,32.79654312133789,0.236541748046875
EV_001,338.0,20556.26,32.560001373291016,33.43724822998047,0.8772468566894531
EV_001,340.0,20556.26,32.560001373291016,32.59622573852539,0.036224365234375
EV_001,341.0,20556.26,32.560001373291016,32.74507141113281,0.18507003784179688
EV_001,339.0,20556.26,32.560001373291016,34.04122543334961,1.4812240600585938
EV_001,337.0,20556.26,32.560001373291016,32.61279296875,0.052791595458984375
EV_001,340.0,20556.26,32.560001373291016,34.36783981323242,1.8078384399414062
EV_001,341.0,20556.26,32.560001373291016,34.60111999511719,2.041118621826172
EV_002,889.0,11777.92,35.45000076293945,32.67417907714844,-2.7758216857910156
EV_002,890.0,11777.92,35.45000076293945,32.54995346069336,-2.9000473022460938
EV_002,893.0,11777.92,35.45000076293945,33.81834411621094,-1.6316566467285156
EV_002,894.0,11777.92,35.45000076293945,33.8494987487793,-1.6005020141601562
EV_002,895.0,11777.92,35.45000076293945,32.68571472167969,-2.7642860412597656
EV_002,896.0,11777.92,35.45000076293945,32.637088775634766,-2.8129119873046875
EV_002,900.0,11777.92,35.45000076293945,33.50005340576172,-1.9499473571777344
EV_002,903.0,11777.92,35.45000076293945,33.12553024291992,-2.3244705200195312
EV_002,905.0,11777.92,35.45000076293945,32.66215133666992,-2.7878494262695312
EV_002,906.0,11777.92,35.45000076293945,32.789249420166016,-2.6607513427734375
EV_002,907.0,11777.92,35.45000076293945,32.707008361816406,-2.742992401123047
EV_002,908.0,11777.92,35.45000076293945,32.72612762451172,-2.7238731384277344
EV_002,909.0,11777.92,35.45000076293945,34.32144546508789,-1.1285552978515625
EV_002,910.0,11777.92,35.45000076293945,33.641483306884766,-1.8085174560546875
EV_002,911.0,11777.92,35.45000076293945,34.25379943847656,-1.1962013244628906
EV_002,913.0,11777.92,35.45000076293945,32.660099029541016,-2.7899017333984375
EV_002,914.0,11777.92,35.45000076293945,32.989601135253906,-2.460399627685547
EV_002,915.0,11777.92,35.45000076293945,33.16157913208008,-2.288421630859375
EV_002,916.0,11777.92,35.45000076293945,34.154579162597656,-1.2954216003417969
EV_002,918.0,11777.92,35.45000076293945,32.555335998535156,-2.894664764404297
EV_002,919.0,11777.92,35.45000076293945,32.66148376464844,-2.7885169982910156
EV_002,920.0,11777.92,35.45000076293945,32.654808044433594,-2.7951927185058594
EV_002,922.0,11777.92,35.45000076293945,34.102012634277344,-1.3479881286621094
EV_002,923.0,11777.92,35.45000076293945,33.43791198730469,-2.0120887756347656
EV_002,924.0,11777.92,35.45000076293945,33.59065246582031,-1.8593482971191406
EV_002,926.0,11777.92,35.45000076293945,32.50358581542969,-2.9464149475097656
EV_002,927.0,11777.92,35.45000076293945,32.662052154541016,-2.7879486083984375
EV_002,928.0,11777.92,35.45000076293945,34.17262649536133,-1.277374267578125
EV_002,929.0,11777.92,35.45000076293945,32.57819366455078,-2.871807098388672
EV_002,930.0,11777.92,35.45000076293945,32.65842056274414,-2.7915802001953125
EV_002,934.0,11777.92,35.45000076293945,32.80891036987305,-2.6410903930664062
EV_002,935.0,11777.92,35.45000076293945,33.295928955078125,-2.154071807861328
EV_002,936.0,11777.92,35.45000076293945,34.731075286865234,-0.7189254760742188
EV_002,937.0,11777.92,35.45000076293945,34.39539337158203,-1.0546073913574219
EV_002,938.0,11777.92,35.45000076293945,33.92938232421875,-1.5206184387207031
EV_002,939.0,11777.92,35.45000076293945,34.17022705078125,-1.2797737121582031
EV_002,942.0,11777.92,35.45000076293945,32.659507751464844,-2.7904930114746094
EV_002,944.0,11777.92,35.45000076293945,32.82014465332031,-2.6298561096191406
EV_002,945.0,11777.92,35.45000076293945,33.095123291015625,-2.354877471923828
EV_002,946.0,11777.92,35.45000076293945,33.36125183105469,-2.0887489318847656
EV_002,947.0,11777.92,35.45000076293945,34.205604553222656,-1.2443962097167969
EV_002,948.0,11777.92,35.45000076293945,32.959896087646484,-2.4901046752929688
EV_002,949.0,11777.92,35.45000076293945,32.648681640625,-2.801319122314453
EV_002,950.0,11777.92,35.45000076293945,33.926605224609375,-1.5233955383300781
EV_002,951.0,11777.92,35.45000076293945,33.803443908691406,-1.6465568542480469
EV_002,952.0,11777.92,35.45000076293945,33.8900146484375,-1.5599861145019531
EV_002,953.0,11777.92,35.45000076293945,34.121498107910156,-1.3285026550292969
EV_002,954.0,11777.92,35.45000076293945,34.455589294433594,-0.9944114685058594
EV_002,955.0,11777.92,35.45000076293945,33.83774948120117,-1.6122512817382812
EV_002,956.0,11777.92,35.45000076293945,33.82234573364258,-1.627655029296875
EV_002,958.0,11777.92,35.45000076293945,32.499549865722656,-2.950450897216797
EV_002,959.0,11777.92,35.45000076293945,32.520023345947266,-2.9299774169921875
EV_002,960.0,11777.92,35.45000076293945,32.62062072753906,-2.8293800354003906
EV_002,961.0,11777.92,35.45000076293945,32.541099548339844,-2.9089012145996094
EV_002,962.0,11777.92,35.45000076293945,32.62958908081055,-2.8204116821289062
EV_002,963.0,11777.92,35.45000076293945,33.65618133544922,-1.7938194274902344
EV_002,964.0,11777.92,35.45000076293945,32.559757232666016,-2.8902435302734375
EV_002,965.0,11777.92,35.45000076293945,33.68342590332031,-1.7665748596191406
EV_002,966.0,11777.92,35.45000076293945,34.16948699951172,-1.2805137634277344
EV_002,967.0,11777.92,35.45000076293945,33.47908401489258,-1.970916748046875
EV_002,968.0,11777.92,35.45000076293945,34.2341423034668,-1.2158584594726562
EV_002,970.0,11777.92,35.45000076293945,33.323036193847656,-2.126964569091797
EV_002,971.0,11777.92,35.45000076293945,33.696083068847656,-1.7539176940917969
EV_002,972.0,11777.92,35.45000076293945,32.84396743774414,-2.6060333251953125
EV_002,973.0,11777.92,35.45000076293945,32.67417907714844,-2.7758216857910156
EV_002,974.0,11777.92,35.45000076293945,32.69743347167969,-2.7525672912597656
EV_002,975.0,11777.92,35.45000076293945,32.6815185546875,-2.768482208251953
EV_002,976.0,11777.92,35.45000076293945,32.68684005737305,-2.7631607055664062
EV_002,977.0,11777.92,35.45000076293945,32.51821517944336,-2.9317855834960938
EV_002,978.0,11777.92,35.45000076293945,32.60070037841797,-2.8493003845214844
EV_002,979.0,11777.92,35.45000076293945,32.79041290283203,-2.659587860107422
EV_002,983.0,11777.92,35.45000076293945,32.50511169433594,-2.9448890686035156
EV_003,123.0,19141.97,35.66999816894531,34.222652435302734,-1.4473457336425781
EV_003,124.0,19141.97,35.66999816894531,33.97896194458008,-1.6910362243652344
EV_003,126.0,19141.97,35.66999816894531,32.614376068115234,-3.055622100830078
EV_003,127.0,19141.97,35.66999816894531,32.75368881225586,-2.916309356689453
EV_003,128.0,19141.97,35.66999816894531,33.40107727050781,-2.2689208984375
EV_003,129.0,19141.97,35.66999816894531,33.63542938232422,-2.0345687866210938
EV_003,130.0,19141.97,35.66999816894531,34.06130599975586,-1.6086921691894531
EV_003,134.0,19141.97,35.66999816894531,34.1972541809082,-1.4727439880371094
EV_003,135.0,19141.97,35.66999816894531,34.313011169433594,-1.3569869995117188
EV_003,137.0,19141.97,35.66999816894531,33.811763763427734,-1.8582344055175781
EV_003,140.0,19141.97,35.66999816894531,33.761512756347656,-1.9084854125976562
EV_003,141.0,19141.97,35.66999816894531,34.30029296875,-1.3697052001953125
EV_003,142.0,19141.97,35.66999816894531,34.59131622314453,-1.0786819458007812
EV_003,143.0,19141.97,35.66999816894531,34.8947868347168,-0.7752113342285156
EV_003,144.0,19141.97,35.66999816894531,34.39248275756836,-1.2775154113769531
EV_003,145.0,19141.97,35.66999816894531,34.07228088378906,-1.59771728515625
EV_003,147.0,19141.97,35.66999816894531,33.946292877197266,-1.7237052917480469
EV_003,148.0,19141.97,35.66999816894531,33.87511444091797,-1.7948837280273438
EV_003,149.0,19141.97,35.66999816894531,34.14521408081055,-1.5247840881347656
EV_003,150.0,19141.97,35.66999816894531,32.67799377441406,-2.99200439453125
EV_003,151.0,19141.97,35.66999816894531,33.6535758972168,-2.0164222717285156
EV_003,154.0,19141.97,35.66999816894531,32.756595611572266,-2.913402557373047
EV_003,155.0,19141.97,35.66999816894531,32.513031005859375,-3.1569671630859375
EV_003,156.0,19141.97,35.66999816894531,32.507568359375,-3.1624298095703125
EV_003,157.0,19141.97,35.66999816894531,32.616233825683594,-3.0537643432617188
EV_003,158.0,19141.97,35.66999816894531,32.68060302734375,-2.9893951416015625
EV_003,159.0,19141.97,35.66999816894531,32.62696838378906,-3.04302978515625
EV_003,172.0,19141.97,35.66999816894531,32.92986297607422,-2.7401351928710938
EV_003,171.0,19141.97,35.66999816894531,35.046382904052734,-0.6236152648925781
EV_003,174.0,19141.97,35.66999816894531,33.69152069091797,-1.9784774780273438
EV_003,173.0,19141.97,35.66999816894531,33.93874740600586,-1.7312507629394531
EV_003,175.0,19141.97,35.66999816894531,33.511356353759766,-2.158641815185547
EV_003,174.0,19141.97,35.66999816894531,34.49879837036133,-1.1711997985839844
EV_003,176.0,19141.97,35.66999816894531,33.50514602661133,-2.1648521423339844
EV_003,175.0,19141.97,35.66999816894531,32.566341400146484,-3.103656768798828
EV_003,177.0,19141.97,35.66999816894531,33.401878356933594,-2.2681198120117188
EV_003,177.0,19141.97,35.66999816894531,34.355342864990234,-1.3146553039550781
EV_003,179.0,19141.97,35.66999816894531,32.64920425415039,-3.020793914794922
EV_003,178.0,19141.97,35.66999816894531,32.58698272705078,-3.0830154418945312
EV_003,180.0,19141.97,35.66999816894531,32.633758544921875,-3.0362396240234375
EV_003,179.0,19141.97,35.66999816894531,32.67897033691406,-2.99102783203125
EV_003,181.0,19141.97,35.66999816894531,32.60474395751953,-3.0652542114257812
EV_003,180.0,19141.97,35.66999816894531,32.62521743774414,-3.044780731201172
EV_003,182.0,19141.97,35.66999816894531,33.828330993652344,-1.8416671752929688
EV_003,181.0,19141.97,35.66999816894531,32.642799377441406,-3.0271987915039062
EV_003,182.0,19141.97,35.66999816894531,32.621482849121094,-3.0485153198242188
EV_003,183.0,19141.97,35.66999816894531,33.81023406982422,-1.8597640991210938
EV_003,183.0,19141.97,35.66999816894531,32.763275146484375,-2.9067230224609375
EV_003,186.0,19141.97,35.66999816894531,34.082672119140625,-1.5873260498046875
EV_003,186.0,19141.97,35.66999816894531,32.76169204711914,-2.908306121826172
EV_003,187.0,19141.97,35.66999816894531,32.64131164550781,-3.0286865234375
EV_003,188.0,19141.97,35.66999816894531,33.706504821777344,-1.9634933471679688
EV_003,188.0,19141.97,35.66999816894531,32.72942352294922,-2.9405746459960938
EV_003,189.0,19141.97,35.66999816894531,33.091644287109375,-2.5783538818359375
EV_003,189.0,19141.97,35.66999816894531,32.720176696777344,-2.9498214721679688
EV_003,190.0,19141.97,35.66999816894531,33.567970275878906,-2.1020278930664062
EV_003,190.0,19141.97,35.66999816894531,32.58504104614258,-3.0849571228027344
EV_003,191.0,19141.97,35.66999816894531,33.329959869384766,-2.340038299560547
EV_003,191.0,19141.97,35.66999816894531,32.673988342285156,-2.9960098266601562
EV_003,202.0,19141.97,35.66999816894531,35.25325012207031,-0.416748046875
EV_003,204.0,19141.97,35.66999816894531,32.61790466308594,-3.052093505859375
EV_003,203.0,19141.97,35.66999816894531,33.80308151245117,-1.8669166564941406
EV_003,205.0,19141.97,35.66999816894531,32.590370178222656,-3.0796279907226562
EV_003,204.0,19141.97,35.66999816894531,34.05247497558594,-1.617523193359375
EV_003,206.0,19141.97,35.66999816894531,32.61328887939453,-3.0567092895507812
EV_003,205.0,19141.97,35.66999816894531,33.27585983276367,-2.3941383361816406
EV_003,207.0,19141.97,35.66999816894531,32.65980529785156,-3.01019287109375
EV_003,206.0,19141.97,35.66999816894531,34.62807083129883,-1.0419273376464844
EV_003,208.0,19141.97,35.66999816894531,32.708248138427734,-2.961750030517578
EV_003,207.0,19141.97,35.66999816894531,35.03496170043945,-0.6350364685058594
EV_003,209.0,19141.97,35.66999816894531,32.714759826660156,-2.9552383422851562
EV_003,208.0,19141.97,35.66999816894531,34.428138732910156,-1.2418594360351562
EV_003,210.0,19141.97,35.66999816894531,32.53743362426758,-3.1325645446777344
EV_003,209.0,19141.97,35.66999816894531,33.710670471191406,-1.9593276977539062
EV_003,211.0,19141.97,35.66999816894531,32.70419692993164,-2.965801239013672
EV_003,212.0,19141.97,35.66999816894531,32.55386734008789,-3.116130828857422
EV_003,211.0,19141.97,35.66999816894531,33.584754943847656,-2.0852432250976562
EV_003,214.0,19141.97,35.66999816894531,32.60791778564453,-3.0620803833007812
EV_003,215.0,19141.97,35.66999816894531,32.55168914794922,-3.1183090209960938
EV_003,213.0,19141.97,35.66999816894531,32.61800765991211,-3.051990509033203
EV_003,216.0,19141.97,35.66999816894531,32.53694152832031,-3.133056640625
EV_003,214.0,19141.97,35.66999816894531,32.62621307373047,-3.0437850952148438
EV_003,217.0,19141.97,35.66999816894531,32.60847473144531,-3.0615234375
EV_003,218.0,19141.97,35.66999816894531,32.78863525390625,-2.8813629150390625
EV_003,215.0,19141.97,35.66999816894531,32.81599426269531,-2.85400390625
EV_003,216.0,19141.97,35.66999816894531,32.702571868896484,-2.967426300048828
EV_003,219.0,19141.97,35.66999816894531,34.04159927368164,-1.6283988952636719
EV_003,217.0,19141.97,35.66999816894531,32.510799407958984,-3.159198760986328
EV_003,220.0,19141.97,35.66999816894531,34.478607177734375,-1.1913909912109375
EV_003,218.0,19141.97,35.66999816894531,32.47707748413086,-3.192920684814453
EV_003,221.0,19141.97,35.66999816894531,34.45126724243164,-1.2187309265136719
EV_003,219.0,19141.97,35.66999816894531,32.56494140625,-3.1050567626953125
EV_003,222.0,19141.97,35.66999816894531,33.68690872192383,-1.9830894470214844
EV_003,220.0,19141.97,35.66999816894531,32.880428314208984,-2.789569854736328
EV_003,223.0,19141.97,35.66999816894531,34.41377639770508,-1.2562217712402344
EV_003,224.0,19141.97,35.66999816894531,34.387386322021484,-1.2826118469238281
EV_003,222.0,19141.97,35.66999816894531,32.588218688964844,-3.0817794799804688
EV_003,225.0,19141.97,35.66999816894531,33.86688995361328,-1.8031082153320312
EV_003,226.0,19141.97,35.66999816894531,34.35603332519531,-1.31396484375
EV_003,223.0,19141.97,35.66999816894531,34.06678009033203,-1.6032180786132812
EV_003,224.0,19141.97,35.66999816894531,34.18866729736328,-1.4813308715820312
EV_004,166.0,32664.12,32.560001373291016,33.18421173095703,0.6242103576660156
EV_004,167.0,32664.12,32.560001373291016,33.54763412475586,0.9876327514648438
EV_004,168.0,32664.12,32.560001373291016,34.40663146972656,1.8466300964355469
EV_004,172.0,32664.12,32.560001373291016,32.65685272216797,0.09685134887695312
EV_004,176.0,32664.12,32.560001373291016,32.58858871459961,0.02858734130859375
EV_004,177.0,32664.12,32.560001373291016,33.364768981933594,0.8047676086425781
EV_004,179.0,32664.12,32.560001373291016,33.869468688964844,1.3094673156738281
EV_004,181.0,32664.12,32.560001373291016,32.52916717529297,-0.030834197998046875
EV_004,182.0,32664.12,32.560001373291016,32.56956100463867,0.00955963134765625
EV_004,183.0,32664.12,32.560001373291016,32.517391204833984,-0.04261016845703125
EV_004,184.0,32664.12,32.560001373291016,32.70871353149414,0.148712158203125
EV_004,186.0,32664.12,32.560001373291016,32.55658721923828,-0.003414154052734375
EV_004,187.0,32664.12,32.560001373291016,34.000675201416016,1.440673828125
EV_004,188.0,32664.12,32.560001373291016,33.044403076171875,0.4844017028808594
EV_004,189.0,32664.12,32.560001373291016,32.9179801940918,0.35797882080078125
EV_004,193.0,32664.12,32.560001373291016,33.62198257446289,1.061981201171875
EV_004,196.0,32664.12,32.560001373291016,32.50845718383789,-0.051544189453125
EV_004,197.0,32664.12,32.560001373291016,34.48461151123047,1.9246101379394531
EV_004,198.0,32664.12,32.560001373291016,34.436912536621094,1.8769111633300781
EV_004,199.0,32664.12,32.560001373291016,34.01802062988281,1.4580192565917969
EV_004,200.0,32664.12,32.560001373291016,33.49021530151367,0.9302139282226562
EV_004,202.0,32664.12,32.560001373291016,33.92177963256836,1.3617782592773438
EV_004,203.0,32664.12,32.560001373291016,33.806488037109375,1.2464866638183594
EV_004,204.0,32664.12,32.560001373291016,33.429080963134766,0.86907958984375
EV_004,209.0,32664.12,32.560001373291016,32.67707824707031,0.11707687377929688
EV_004,211.0,32664.12,32.560001373291016,32.45606994628906,-0.10393142700195312
EV_004,212.0,32664.12,32.560001373291016,32.54774475097656,-0.012256622314453125
EV_004,215.0,32664.12,32.560001373291016,33.447792053222656,0.8877906799316406
EV_004,217.0,32664.12,32.560001373291016,33.189964294433594,0.6299629211425781
EV_004,218.0,32664.12,32.560001373291016,33.47584533691406,0.9158439636230469
EV_004,219.0,32664.12,32.560001373291016,33.88319396972656,1.3231925964355469
EV_004,220.0,32664.12,32.560001373291016,32.665367126464844,0.10536575317382812
EV_004,224.0,32664.12,32.560001373291016,34.49956130981445,1.9395599365234375
EV_004,225.0,32664.12,32.560001373291016,32.70147705078125,0.14147567749023438
EV_004,226.0,32664.12,32.560001373291016,32.9735107421875,0.4135093688964844
EV_004,228.0,32664.12,32.560001373291016,33.81340789794922,1.2534065246582031
EV_004,230.0,32664.12,32.560001373291016,33.783103942871094,1.2231025695800781
EV_004,231.0,32664.12,32.560001373291016,33.746070861816406,1.1860694885253906
EV_004,232.0,32664.12,32.560001373291016,32.61054229736328,0.050540924072265625
EV_004,234.0,32664.12,32.560001373291016,33.85314178466797,1.2931404113769531
EV_004,237.0,32664.12,32.560001373291016,32.595985412597656,0.035984039306640625
EV_004,238.0,32664.12,32.560001373291016,32.43104934692383,-0.1289520263671875
EV_004,239.0,32664.12,32.560001373291016,32.63255310058594,0.07255172729492188
EV_004,240.0,32664.12,32.560001373291016,32.93272399902344,0.3727226257324219
EV_004,242.0,32664.12,32.560001373291016,33.91667175292969,1.3566703796386719
EV_004,244.0,32664.12,32.560001373291016,33.21815490722656,0.6581535339355469
EV_004,246.0,32664.12,32.560001373291016,32.822566986083984,0.26256561279296875
EV_004,247.0,32664.12,32.560001373291016,33.75408935546875,1.1940879821777344
EV_004,249.0,32664.12,32.560001373291016,33.900569915771484,1.3405685424804688
EV_004,260.0,32664.12,32.560001373291016,32.53583526611328,-0.024166107177734375
EV_004,260.0,32664.12,32.560001373291016,32.62873077392578,0.06872940063476562
EV_004,261.0,32664.12,32.560001373291016,33.63607406616211,1.0760726928710938
EV_004,261.0,32664.12,32.560001373291016,32.89359664916992,0.33359527587890625
EV_004,262.0,32664.12,32.560001373291016,34.336055755615234,1.7760543823242188
EV_004,263.0,32664.12,32.560001373291016,32.62469482421875,0.06469345092773438
EV_005,618.0,13450.41,32.150001525878906,33.56827926635742,1.4182777404785156
EV_005,619.0,13450.41,32.150001525878906,33.79863739013672,1.6486358642578125
EV_005,620.0,13450.41,32.150001525878906,33.339820861816406,1.1898193359375
EV_005,621.0,13450.41,32.150001525878906,33.33660125732422,1.1865997314453125
EV_005,623.0,13450.41,32.150001525878906,32.75074005126953,0.600738525390625
EV_005,624.0,13450.41,32.150001525878906,33.518699645996094,1.3686981201171875
EV_005,626.0,13450.41,32.150001525878906,32.731849670410156,0.58184814453125
EV_005,630.0,13450.41,32.150001525878906,33.62384033203125,1.4738388061523438
EV_005,632.0,13450.41,32.150001525878906,33.94956970214844,1.7995681762695312
EV_005,633.0,13450.41,32.150001525878906,33.516517639160156,1.36651611328125
EV_005,634.0,13450.41,32.150001525878906,33.820316314697266,1.6703147888183594
EV_005,636.0,13450.41,32.150001525878906,33.5992546081543,1.4492530822753906
EV_005,638.0,13450.41,32.150001525878906,32.5693244934082,0.4193229675292969
EV_005,639.0,13450.41,32.150001525878906,32.594268798828125,0.44426727294921875
EV_005,640.0,13450.41,32.150001525878906,32.4892692565918,0.3392677307128906
EV_005,641.0,13450.41,32.150001525878906,32.627506256103516,0.4775047302246094
EV_005,642.0,13450.41,32.150001525878906,33.874698638916016,1.7246971130371094
EV_005,643.0,13450.41,32.150001525878906,33.69334030151367,1.5433387756347656
EV_005,644.0,13450.41,32.150001525878906,33.66588592529297,1.5158843994140625
EV_005,646.0,13450.41,32.150001525878906,34.54338455200195,2.393383026123047
EV_005,647.0,13450.41,32.150001525878906,34.241554260253906,2.091552734375
EV_005,650.0,13450.41,32.150001525878906,33.69807434082031,1.5480728149414062
EV_005,652.0,13450.41,32.150001525878906,32.726558685302734,0.5765571594238281
EV_005,653.0,13450.41,32.150001525878906,32.62982940673828,0.479827880859375
EV_005,654.0,13450.41,32.150001525878906,32.84196472167969,0.6919631958007812
EV_005,655.0,13450.41,32.150001525878906,32.660888671875,0.5108871459960938
EV_005,656.0,13450.41,32.150001525878906,32.56695556640625,0.41695404052734375
EV_005,657.0,13450.41,32.150001525878906,32.503013610839844,0.3530120849609375
EV_005,658.0,13450.41,32.150001525878906,32.61810302734375,0.46810150146484375
EV_005,659.0,13450.41,32.150001525878906,32.7253532409668,0.5753517150878906
EV_005,660.0,13450.41,32.150001525878906,35.129268646240234,2.979267120361328
EV_005,661.0,13450.41,32.150001525878906,35.04540252685547,2.8954010009765625
EV_005,662.0,13450.41,32.150001525878906,34.757408142089844,2.6074066162109375
EV_005,666.0,13450.41,32.150001525878906,33.433441162109375,1.2834396362304688
EV_005,667.0,13450.41,32.150001525878906,33.42274856567383,1.2727470397949219
EV_005,668.0,13450.41,32.150001525878906,33.32012176513672,1.1701202392578125
EV_005,671.0,13450.41,32.150001525878906,32.699951171875,0.5499496459960938
EV_005,672.0,13450.41,32.150001525878906,32.58722686767578,0.437225341796875
EV_005,673.0,13450.41,32.150001525878906,32.61989974975586,0.4698982238769531
EV_005,674.0,13450.41,32.150001525878906,32.48973083496094,0.33972930908203125
EV_005,675.0,13450.41,32.150001525878906,32.6860466003418,0.5360450744628906
EV_005,676.0,13450.41,32.150001525878906,32.630088806152344,0.4800872802734375
EV_005,677.0,13450.41,32.150001525878906,32.54340744018555,0.3934059143066406
EV_005,678.0,13450.41,32.150001525878906,32.561710357666016,0.4117088317871094
EV_005,679.0,13450.41,32.150001525878906,34.53236389160156,2.3823623657226562
EV_005,680.0,13450.41,32.150001525878906,34.99315643310547,2.8431549072265625
EV_005,681.0,13450.41,32.150001525878906,35.070438385009766,2.9204368591308594
EV_005,682.0,13450.41,32.150001525878906,34.9261474609375,2.7761459350585938
EV_005,685.0,13450.41,32.150001525878906,35.39780807495117,3.2478065490722656
EV_005,686.0,13450.41,32.150001525878906,35.11119842529297,2.9611968994140625
EV_005,687.0,13450.41,32.150001525878906,35.07756042480469,2.9275588989257812
EV_005,688.0,13450.41,32.150001525878906,34.906551361083984,2.756549835205078
EV_005,690.0,13450.41,32.150001525878906,34.120811462402344,1.9708099365234375
EV_005,692.0,13450.41,32.150001525878906,34.5689582824707,2.418956756591797
EV_005,694.0,13450.41,32.150001525878906,32.60807800292969,0.45807647705078125
EV_005,695.0,13450.41,32.150001525878906,33.26706314086914,1.1170616149902344
EV_005,696.0,13450.41,32.150001525878906,32.73772430419922,0.5877227783203125
EV_005,697.0,13450.41,32.150001525878906,32.56214141845703,0.412139892578125
EV_005,698.0,13450.41,32.150001525878906,32.60451126098633,0.4545097351074219
EV_005,699.0,13450.41,32.150001525878906,32.55561447143555,0.4056129455566406
EV_005,700.0,13450.41,32.150001525878906,32.55434799194336,0.4043464660644531
EV_005,701.0,13450.41,32.150001525878906,33.10600280761719,0.9560012817382812
EV_005,702.0,13450.41,32.150001525878906,34.08868408203125,1.9386825561523438
EV_005,703.0,13450.41,32.150001525878906,33.90061569213867,1.7506141662597656
EV_005,704.0,13450.41,32.150001525878906,32.95867156982422,0.8086700439453125
EV_005,705.0,13450.41,32.150001525878906,33.28144836425781,1.1314468383789062
EV_005,707.0,13450.41,32.150001525878906,33.39118194580078,1.241180419921875
EV_005,708.0,13450.41,32.150001525878906,33.8006591796875,1.6506576538085938
EV_005,709.0,13450.41,32.150001525878906,33.338226318359375,1.1882247924804688
EV_005,710.0,13450.41,32.150001525878906,33.429229736328125,1.2792282104492188
EV_005,711.0,13450.41,32.150001525878906,33.39399719238281,1.2439956665039062
EV_005,712.0,13450.41,32.150001525878906,34.101234436035156,1.95123291015625
EV_005,714.0,13450.41,32.150001525878906,33.30388641357422,1.1538848876953125
EV_005,715.0,13450.41,32.150001525878906,34.0555534362793,1.9055519104003906
EV_005,716.0,13450.41,32.150001525878906,32.93736267089844,0.7873611450195312
EV_005,717.0,13450.41,32.150001525878906,32.912376403808594,0.7623748779296875
EV_005,718.0,13450.41,32.150001525878906,32.62540054321289,0.4753990173339844
EV_005,719.0,13450.41,32.150001525878906,32.654300689697266,0.5042991638183594
EV_005,720.0,13450.41,32.150001525878906,33.687870025634766,1.5378684997558594
EV_005,721.0,13450.41,32.150001525878906,33.579586029052734,1.4295845031738281
EV_006,686.0,37317.47,32.560001373291016,33.734230041503906,1.1742286682128906
EV_006,695.0,37317.47,32.560001373291016,32.83590316772461,0.27590179443359375
EV_006,696.0,37317.47,32.560001373291016,32.74125671386719,0.18125534057617188
EV_006,697.0,37317.47,32.560001373291016,32.82389831542969,0.2638969421386719
EV_006,700.0,37317.47,32.560001373291016,32.60111618041992,0.04111480712890625
EV_006,701.0,37317.47,32.560001373291016,32.73773193359375,0.17773056030273438
EV_006,702.0,37317.47,32.560001373291016,32.854434967041016,0.29443359375
EV_006,706.0,37317.47,32.560001373291016,32.566932678222656,0.006931304931640625
EV_006,707.0,37317.47,32.560001373291016,33.997215270996094,1.4372138977050781
EV_006,711.0,37317.47,32.560001373291016,33.759437561035156,1.1994361877441406
EV_006,712.0,37317.47,32.560001373291016,33.567665100097656,1.0076637268066406
EV_006,713.0,37317.47,32.560001373291016,33.65705108642578,1.0970497131347656
EV_006,715.0,37317.47,32.560001373291016,33.625938415527344,1.0659370422363281
EV_006,716.0,37317.47,32.560001373291016,33.733543395996094,1.1735420227050781
EV_006,717.0,37317.47,32.560001373291016,33.753082275390625,1.1930809020996094
EV_006,719.0,37317.47,32.560001373291016,32.6729850769043,0.11298370361328125
EV_006,720.0,37317.47,32.560001373291016,32.579315185546875,0.019313812255859375
EV_006,722.0,37317.47,32.560001373291016,32.57189178466797,0.011890411376953125
EV_006,723.0,37317.47,32.560001373291016,32.497169494628906,-0.06283187866210938
EV_006,725.0,37317.47,32.560001373291016,32.68986511230469,0.12986373901367188
EV_006,726.0,37317.47,32.560001373291016,34.002655029296875,1.4426536560058594
EV_006,727.0,37317.47,32.560001373291016,33.922821044921875,1.3628196716308594
EV_006,728.0,37317.47,32.560001373291016,34.03321838378906,1.4732170104980469
EV_006,729.0,37317.47,32.560001373291016,34.23154067993164,1.671539306640625
EV_006,730.0,37317.47,32.560001373291016,33.61581802368164,1.055816650390625
EV_006,732.0,37317.47,32.560001373291016,34.104347229003906,1.5443458557128906
EV_006,734.0,37317.47,32.560001373291016,33.07109451293945,0.5110931396484375
EV_006,735.0,37317.47,32.560001373291016,33.33689880371094,0.7768974304199219
EV_006,736.0,37317.47,32.560001373291016,33.64012145996094,1.0801200866699219
EV_006,737.0,37317.47,32.560001373291016,33.59290313720703,1.0329017639160156
EV_006,738.0,37317.47,32.560001373291016,33.8580322265625,1.2980308532714844
EV_006,739.0,37317.47,32.560001373291016,34.373111724853516,1.8131103515625
EV_006,740.0,37317.47,32.560001373291016,32.6326904296875,0.07268905639648438
EV_006,741.0,37317.47,32.560001373291016,32.543819427490234,-0.01618194580078125
EV_006,744.0,37317.47,32.560001373291016,32.66230392456055,0.10230255126953125
EV_006,745.0,37317.47,32.560001373291016,32.57209777832031,0.012096405029296875
EV_006,746.0,37317.47,32.560001373291016,33.49437713623047,0.9343757629394531
EV_006,747.0,37317.47,32.560001373291016,33.999183654785156,1.4391822814941406
EV_006,748.0,37317.47,32.560001373291016,33.794677734375,1.2346763610839844
EV_006,749.0,37317.47,32.560001373291016,33.898765563964844,1.3387641906738281
EV_006,750.0,37317.47,32.560001373291016,34.03271484375,1.4727134704589844
EV_006,751.0,37317.47,32.560001373291016,33.54207229614258,0.9820709228515625
EV_006,752.0,37317.47,32.560001373291016,34.03276062011719,1.4727592468261719
EV_006,753.0,37317.47,32.560001373291016,34.16305160522461,1.6030502319335938
EV_006,754.0,37317.47,32.560001373291016,33.99330139160156,1.4333000183105469
EV_006,756.0,37317.47,32.560001373291016,33.790714263916016,1.230712890625
EV_006,758.0,37317.47,32.560001373291016,33.59147644042969,1.0314750671386719
EV_006,760.0,37317.47,32.560001373291016,32.555320739746094,-0.004680633544921875
EV_006,761.0,37317.47,32.560001373291016,32.65542221069336,0.09542083740234375
EV_006,763.0,37317.47,32.560001373291016,32.65277099609375,0.09276962280273438
EV_006,764.0,37317.47,32.560001373291016,32.50399398803711,-0.05600738525390625
EV_006,765.0,37317.47,32.560001373291016,32.486328125,-0.07367324829101562
EV_006,766.0,37317.47,32.560001373291016,32.51905822753906,-0.040943145751953125
EV_006,767.0,37317.47,32.560001373291016,33.42919921875,0.8691978454589844
EV_006,768.0,37317.47,32.560001373291016,32.587738037109375,0.027736663818359375
EV_006,769.0,37317.47,32.560001373291016,32.574798583984375,0.014797210693359375
EV_006,770.0,37317.47,32.560001373291016,32.610755920410156,0.050754547119140625
EV_006,771.0,37317.47,32.560001373291016,32.543434143066406,-0.016567230224609375
EV_006,772.0,37317.47,32.560001373291016,32.70592498779297,0.14592361450195312
EV_006,773.0,37317.47,32.560001373291016,32.48488998413086,-0.07511138916015625
EV_006,774.0,37317.47,32.560001373291016,32.41206359863281,-0.14793777465820312
EV_006,775.0,37317.47,32.560001373291016,32.64112854003906,0.08112716674804688
EV_006,777.0,37317.47,32.560001373291016,33.694766998291016,1.134765625
EV_006,778.0,37317.47,32.560001373291016,33.19513702392578,0.6351356506347656
EV_006,779.0,37317.47,32.560001373291016,32.64440155029297,0.08440017700195312
EV_006,780.0,37317.47,32.560001373291016,32.52553939819336,-0.03446197509765625
EV_006,781.0,37317.47,32.560001373291016,32.752220153808594,0.19221878051757812
EV_006,783.0,37317.47,32.560001373291016,33.77785873413086,1.2178573608398438
EV_006,784.0,37317.47,32.560001373291016,34.16536331176758,1.6053619384765625
EV_007,954.0,47900.86,32.560001373291016,32.63264846801758,0.0726470947265625
EV_007,955.0,47900.86,32.560001373291016,32.76340103149414,0.203399658203125
EV_007,956.0,47900.86,32.560001373291016,32.91195297241211,0.35195159912109375
EV_007,957.0,47900.86,32.560001373291016,33.1152458190918,0.5552444458007812
EV_007,958.0,47900.86,32.560001373291016,32.6681022644043,0.10810089111328125
EV_007,960.0,47900.86,32.560001373291016,32.582523345947266,0.02252197265625
EV_007,961.0,47900.86,32.560001373291016,32.66057586669922,0.10057449340820312
EV_007,962.0,47900.86,32.560001373291016,34.290428161621094,1.7304267883300781
EV_007,963.0,47900.86,32.560001373291016,34.43293762207031,1.8729362487792969
EV_007,967.0,47900.86,32.560001373291016,33.89390182495117,1.3339004516601562
EV_007,968.0,47900.86,32.560001373291016,34.26465606689453,1.7046546936035156
EV_007,970.0,47900.86,32.560001373291016,32.682769775390625,0.12276840209960938
EV_007,972.0,47900.86,32.560001373291016,32.7254753112793,0.16547393798828125
EV_007,973.0,47900.86,32.560001373291016,32.668331146240234,0.10832977294921875
EV_007,974.0,47900.86,32.560001373291016,32.67317581176758,0.1131744384765625
EV_007,975.0,47900.86,32.560001373291016,32.63328170776367,0.07328033447265625
EV_007,977.0,47900.86,32.560001373291016,32.53463363647461,-0.02536773681640625
EV_007,978.0,47900.86,32.560001373291016,32.53972625732422,-0.020275115966796875
EV_007,979.0,47900.86,32.560001373291016,32.5389518737793,-0.02104949951171875
EV_007,980.0,47900.86,32.560001373291016,32.5128173828125,-0.047183990478515625
EV_007,981.0,47900.86,32.560001373291016,32.532833099365234,-0.02716827392578125
EV_007,982.0,47900.86,32.560001373291016,32.5374755859375,-0.022525787353515625
EV_007,983.0,47900.86,32.560001373291016,32.63640594482422,0.07640457153320312
EV_007,984.0,47900.86,32.560001373291016,32.454132080078125,-0.10586929321289062
EV_007,986.0,47900.86,32.560001373291016,32.647705078125,0.08770370483398438
EV_007,987.0,47900.86,32.560001373291016,32.4725227355957,-0.0874786376953125
EV_007,989.0,47900.86,32.560001373291016,32.69634246826172,0.13634109497070312
EV_007,992.0,47900.86,32.560001373291016,32.76103210449219,0.20103073120117188
EV_007,993.0,47900.86,32.560001373291016,33.27288818359375,0.7128868103027344
EV_007,994.0,47900.86,32.560001373291016,33.952415466308594,1.3924140930175781
EV_007,995.0,47900.86,32.560001373291016,33.13105392456055,0.5710525512695312
EV_007,997.0,47900.86,32.560001373291016,32.51301956176758,-0.0469818115234375
EV_007,998.0,47900.86,32.560001373291016,32.623565673828125,0.06356430053710938
EV_007,999.0,47900.86,32.560001373291016,32.804771423339844,0.24477005004882812
EV_007,100.0,47900.86,32.560001373291016,32.73436737060547,0.17436599731445312
EV_007,101.0,47900.86,32.560001373291016,32.77838134765625,0.21837997436523438
EV_007,102.0,47900.86,32.560001373291016,32.76226806640625,0.20226669311523438
EV_007,103.0,47900.86,32.560001373291016,32.78116989135742,0.22116851806640625
EV_007,104.0,47900.86,32.560001373291016,32.742767333984375,0.18276596069335938
EV_007,105.0,47900.86,32.560001373291016,32.6267204284668,0.06671905517578125
EV_007,106.0,47900.86,32.560001373291016,32.682857513427734,0.12285614013671875
EV_007,108.0,47900.86,32.560001373291016,33.14476013183594,0.5847587585449219
EV_007,109.0,47900.86,32.560001373291016,33.997474670410156,1.4374732971191406
EV_007,110.0,47900.86,32.560001373291016,34.04193115234375,1.4819297790527344
EV_007,113.0,47900.86,32.560001373291016,32.72695541381836,0.16695404052734375
EV_007,114.0,47900.86,32.560001373291016,32.59769058227539,0.037689208984375
EV_007,115.0,47900.86,32.560001373291016,32.50261306762695,-0.0573883056640625
EV_007,116.0,47900.86,32.560001373291016,32.624244689941406,0.06424331665039062
EV_007,117.0,47900.86,32.560001373291016,32.662109375,0.10210800170898438
EV_007,118.0,47900.86,32.560001373291016,32.540164947509766,-0.01983642578125
EV_007,119.0,47900.86,32.560001373291016,32.66798782348633,0.1079864501953125
EV_007,120.0,47900.86,32.560001373291016,32.71834182739258,0.1583404541015625
EV_007,121.0,47900.86,32.560001373291016,32.88200759887695,0.3220062255859375
EV_007,122.0,47900.86,32.560001373291016,32.87396240234375,0.3139610290527344
EV_007,124.0,47900.86,32.560001373291016,33.45368957519531,0.8936882019042969
EV_007,125.0,47900.86,32.560001373291016,33.97843933105469,1.4184379577636719
EV_007,126.0,47900.86,32.560001373291016,34.26464080810547,1.7046394348144531
EV_007,127.0,47900.86,32.560001373291016,34.04816818237305,1.4881668090820312
EV_007,128.0,47900.86,32.560001373291016,33.886573791503906,1.3265724182128906
EV_007,129.0,47900.86,32.560001373291016,33.806129455566406,1.2461280822753906
EV_007,130.0,47900.86,32.560001373291016,33.98309326171875,1.4230918884277344
EV_007,131.0,47900.86,32.560001373291016,34.32081604003906,1.7608146667480469
EV_007,132.0,47900.86,32.560001373291016,34.19123840332031,1.6312370300292969
EV_007,133.0,47900.86,32.560001373291016,33.740909576416016,1.180908203125
EV_007,134.0,47900.86,32.560001373291016,33.629615783691406,1.0696144104003906
EV_007,136.0,47900.86,32.560001373291016,32.615875244140625,0.055873870849609375
EV_007,137.0,47900.86,32.560001373291016,32.510658264160156,-0.049343109130859375
EV_007,138.0,47900.86,32.560001373291016,32.55170440673828,-0.008296966552734375
EV_007,139.0,47900.86,32.560001373291016,32.6972770690918,0.13727569580078125
EV_007,140.0,47900.86,32.560001373291016,32.59186935424805,0.03186798095703125
EV_007,141.0,47900.86,32.560001373291016,32.57567596435547,0.015674591064453125
EV_007,142.0,47900.86,32.560001373291016,32.50933074951172,-0.050670623779296875
EV_007,143.0,47900.86,32.560001373291016,32.64455795288086,0.08455657958984375
EV_007,147.0,47900.86,32.560001373291016,32.67704772949219,0.11704635620117188
EV_007,149.0,47900.86,32.560001373291016,33.37566375732422,0.8156623840332031
EV_007,150.0,47900.86,32.560001373291016,34.02254104614258,1.4625396728515625
EV_007,151.0,47900.86,32.560001373291016,33.45340347290039,0.893402099609375
EV_007,153.0,47900.86,32.560001373291016,33.67082977294922,1.1108283996582031
EV_007,154.0,47900.86,32.560001373291016,33.2572135925293,0.6972122192382812
EV_007,155.0,47900.86,32.560001373291016,33.65755081176758,1.0975494384765625
EV_007,156.0,47900.86,32.560001373291016,32.78822326660156,0.22822189331054688
EV_007,157.0,47900.86,32.560001373291016,32.55693054199219,-0.003070831298828125
EV_007,158.0,47900.86,32.560001373291016,32.64221954345703,0.08221817016601562
EV_007,159.0,47900.86,32.560001373291016,32.77044677734375,0.21044540405273438
EV_007,160.0,47900.86,32.560001373291016,32.68874740600586,0.12874603271484375
EV_007,161.0,47900.86,32.560001373291016,32.6823844909668,0.12238311767578125
EV_007,162.0,47900.86,32.560001373291016,33.11300277709961,0.5530014038085938
EV_007,163.0,47900.86,32.560001373291016,33.64842987060547,1.0884284973144531
EV_008,599.0,19322.06,32.5,34.34205627441406,1.8420562744140625
EV_008,606.0,19322.06,32.5,33.30030822753906,0.8003082275390625
EV_008,608.0,19322.06,32.5,33.138301849365234,0.6383018493652344
EV_008,610.0,19322.06,32.5,35.134944915771484,2.6349449157714844
EV_008,612.0,19322.06,32.5,33.087486267089844,0.5874862670898438
EV_008,613.0,19322.06,32.5,33.28711700439453,0.7871170043945312
EV_008,617.0,19322.06,32.5,34.64860534667969,2.1486053466796875
EV_008,618.0,19322.06,32.5,33.83982849121094,1.3398284912109375
EV_008,619.0,19322.06,32.5,32.75178909301758,0.2517890930175781
EV_008,621.0,19322.06,32.5,33.65955352783203,1.1595535278320312
EV_008,622.0,19322.06,32.5,33.718685150146484,1.2186851501464844
EV_008,624.0,19322.06,32.5,33.95833206176758,1.4583320617675781
EV_008,625.0,19322.06,32.5,33.0561637878418,0.5561637878417969
EV_008,626.0,19322.06,32.5,32.7978401184082,0.2978401184082031
EV_008,627.0,19322.06,32.5,34.06571960449219,1.5657196044921875
EV_008,628.0,19322.06,32.5,33.97114944458008,1.4711494445800781
EV_008,629.0,19322.06,32.5,33.6275634765625,1.1275634765625
EV_008,630.0,19322.06,32.5,34.41062545776367,1.9106254577636719
EV_008,631.0,19322.06,32.5,34.0777587890625,1.5777587890625
EV_008,632.0,19322.06,32.5,33.63780975341797,1.1378097534179688
EV_008,634.0,19322.06,32.5,32.54447937011719,0.0444793701171875
EV_008,636.0,19322.06,32.5,32.6143913269043,0.11439132690429688
EV_008,637.0,19322.06,32.5,32.56856918334961,0.06856918334960938
EV_008,639.0,19322.06,32.5,32.84495162963867,0.3449516296386719
EV_008,640.0,19322.06,32.5,32.609657287597656,0.10965728759765625
EV_008,641.0,19322.06,32.5,32.574100494384766,0.07410049438476562
EV_008,642.0,19322.06,32.5,32.603546142578125,0.103546142578125
EV_008,643.0,19322.06,32.5,32.90026092529297,0.40026092529296875
EV_008,645.0,19322.06,32.5,34.747745513916016,2.2477455139160156
EV_008,646.0,19322.06,32.5,35.07371139526367,2.573711395263672
EV_008,647.0,19322.06,32.5,35.23661422729492,2.736614227294922
EV_008,648.0,19322.06,32.5,35.216209411621094,2.7162094116210938
EV_008,649.0,19322.06,32.5,35.006568908691406,2.5065689086914062
EV_008,653.0,19322.06,32.5,32.595848083496094,0.09584808349609375
EV_008,654.0,19322.06,32.5,32.901336669921875,0.401336669921875
EV_008,655.0,19322.06,32.5,34.64450454711914,2.1445045471191406
EV_008,656.0,19322.06,32.5,33.915061950683594,1.4150619506835938
EV_008,657.0,19322.06,32.5,32.593624114990234,0.09362411499023438
EV_008,658.0,19322.06,32.5,32.491886138916016,-0.008113861083984375
EV_008,660.0,19322.06,32.5,33.264469146728516,0.7644691467285156
EV_008,661.0,19322.06,32.5,33.80370330810547,1.3037033081054688
EV_008,662.0,19322.06,32.5,33.895729064941406,1.3957290649414062
EV_008,663.0,19322.06,32.5,33.90336608886719,1.4033660888671875
EV_008,664.0,19322.06,32.5,32.993953704833984,0.4939537048339844
EV_008,666.0,19322.06,32.5,33.73155975341797,1.2315597534179688
EV_008,667.0,19322.06,32.5,32.98023986816406,0.4802398681640625
EV_008,668.0,19322.06,32.5,33.999446868896484,1.4994468688964844
EV_008,670.0,19322.06,32.5,32.58416748046875,0.08416748046875
EV_008,671.0,19322.06,32.5,32.47013473510742,-0.029865264892578125
EV_008,672.0,19322.06,32.5,33.35991287231445,0.8599128723144531
EV_008,673.0,19322.06,32.5,34.124271392822266,1.6242713928222656
EV_008,674.0,19322.06,32.5,34.25923156738281,1.7592315673828125
EV_008,675.0,19322.06,32.5,34.24071502685547,1.7407150268554688
EV_008,676.0,19322.06,32.5,32.61544418334961,0.11544418334960938
EV_008,677.0,19322.06,32.5,32.757022857666016,0.2570228576660156
EV_008,678.0,19322.06,32.5,32.535499572753906,0.03549957275390625
EV_008,679.0,19322.06,32.5,32.459163665771484,-0.040836334228515625
EV_008,680.0,19322.06,32.5,34.68171691894531,2.1817169189453125
EV_008,681.0,19322.06,32.5,33.846412658691406,1.3464126586914062
EV_008,683.0,19322.06,32.5,33.49919891357422,0.9991989135742188
EV_008,685.0,19322.06,32.5,32.84831619262695,0.3483161926269531
EV_008,686.0,19322.06,32.5,32.50751495361328,0.00751495361328125
EV_008,687.0,19322.06,32.5,34.29478454589844,1.7947845458984375
EV_008,688.0,19322.06,32.5,33.73501968383789,1.2350196838378906
EV_008,689.0,19322.06,32.5,33.026065826416016,0.5260658264160156
EV_008,690.0,19322.06,32.5,33.064971923828125,0.564971923828125
EV_008,691.0,19322.06,32.5,32.60950469970703,0.10950469970703125
EV_008,692.0,19322.06,32.5,32.654388427734375,0.154388427734375
EV_008,693.0,19322.06,32.5,32.71883773803711,0.21883773803710938
EV_008,694.0,19322.06,32.5,32.65509033203125,0.15509033203125
EV_008,695.0,19322.06,32.5,32.62073516845703,0.12073516845703125
EV_008,696.0,19322.06,32.5,32.79262924194336,0.2926292419433594
EV_008,698.0,19322.06,32.5,34.14516830444336,1.6451683044433594
EV_008,702.0,19322.06,32.5,32.6638298034668,0.16382980346679688
EV_008,703.0,19322.06,32.5,32.58050537109375,0.08050537109375
EV_008,704.0,19322.06,32.5,32.510162353515625,0.010162353515625
EV_008,705.0,19322.06,32.5,32.56749725341797,0.06749725341796875
EV_008,706.0,19322.06,32.5,32.495941162109375,-0.004058837890625
EV_008,707.0,19322.06,32.5,32.714019775390625,0.214019775390625
EV_008,708.0,19322.06,32.5,32.603126525878906,0.10312652587890625
EV_008,709.0,19322.06,32.5,32.5267219543457,0.026721954345703125
EV_008,710.0,19322.06,32.5,32.61754608154297,0.11754608154296875
EV_008,711.0,19322.06,32.5,32.61228561401367,0.11228561401367188
EV_008,712.0,19322.06,32.5,33.780967712402344,1.2809677124023438
EV_008,713.0,19322.06,32.5,33.64942169189453,1.1494216918945312
EV_009,828.0,47582.04,32.150001525878906,33.0621337890625,0.9121322631835938
EV_009,833.0,47582.04,32.150001525878906,33.223751068115234,1.0737495422363281
EV_009,834.0,47582.04,32.150001525878906,33.2603759765625,1.1103744506835938
EV_009,835.0,47582.04,32.150001525878906,33.40190124511719,1.2518997192382812
EV_009,838.0,47582.04,32.150001525878906,32.521976470947266,0.3719749450683594
EV_009,839.0,47582.04,32.150001525878906,32.531646728515625,0.38164520263671875
EV_009,840.0,47582.04,32.150001525878906,32.66135787963867,0.5113563537597656
EV_009,843.0,47582.04,32.150001525878906,32.569854736328125,0.41985321044921875
EV_009,844.0,47582.04,32.150001525878906,32.64086151123047,0.4908599853515625
EV_009,845.0,47582.04,32.150001525878906,32.66834259033203,0.518341064453125
EV_009,846.0,47582.04,32.150001525878906,32.69186019897461,0.5418586730957031
EV_009,847.0,47582.04,32.150001525878906,32.58406448364258,0.4340629577636719
EV_009,848.0,47582.04,32.150001525878906,32.59605407714844,0.44605255126953125
EV_009,849.0,47582.04,32.150001525878906,32.66024398803711,0.5102424621582031
EV_009,850.0,47582.04,32.150001525878906,32.69807815551758,0.5480766296386719
EV_009,851.0,47582.04,32.150001525878906,33.47281265258789,1.3228111267089844
EV_009,852.0,47582.04,32.150001525878906,33.93309783935547,1.7830963134765625
EV_009,854.0,47582.04,32.150001525878906,32.510990142822266,0.3609886169433594
EV_009,855.0,47582.04,32.150001525878906,32.72096252441406,0.5709609985351562
EV_009,860.0,47582.04,32.150001525878906,33.701377868652344,1.5513763427734375
EV_009,861.0,47582.04,32.150001525878906,34.401180267333984,2.251178741455078
EV_009,862.0,47582.04,32.150001525878906,34.37043762207031,2.2204360961914062
EV_009,863.0,47582.04,32.150001525878906,33.92938995361328,1.779388427734375
EV_009,866.0,47582.04,32.150001525878906,32.549560546875,0.39955902099609375
EV_009,867.0,47582.04,32.150001525878906,33.33155822753906,1.1815567016601562
EV_009,868.0,47582.04,32.150001525878906,33.36051559448242,1.2105140686035156
EV_009,869.0,47582.04,32.150001525878906,32.60859680175781,0.45859527587890625
EV_009,870.0,47582.04,32.150001525878906,33.78096389770508,1.6309623718261719
EV_009,871.0,47582.04,32.150001525878906,32.58831024169922,0.4383087158203125
EV_009,872.0,47582.04,32.150001525878906,32.815086364746094,0.6650848388671875
EV_009,873.0,47582.04,32.150001525878906,33.509071350097656,1.35906982421875
EV_009,874.0,47582.04,32.150001525878906,34.57205581665039,2.4220542907714844
EV_009,875.0,47582.04,32.150001525878906,34.60177993774414,2.4517784118652344
EV_009,876.0,47582.04,32.150001525878906,34.083465576171875,1.9334640502929688
EV_009,877.0,47582.04,32.150001525878906,33.364051818847656,1.21405029296875
EV_009,879.0,47582.04,32.150001525878906,32.57563400268555,0.4256324768066406
EV_009,880.0,47582.04,32.150001525878906,32.615081787109375,0.46508026123046875
EV_009,881.0,47582.04,32.150001525878906,32.60723114013672,0.4572296142578125
EV_009,882.0,47582.04,32.150001525878906,32.572566986083984,0.4225654602050781
EV_009,883.0,47582.04,32.150001525878906,32.44754409790039,0.2975425720214844
EV_009,884.0,47582.04,32.150001525878906,32.5684928894043,0.4184913635253906
EV_009,885.0,47582.04,32.150001525878906,32.735191345214844,0.5851898193359375
EV_009,886.0,47582.04,32.150001525878906,32.712806701660156,0.56280517578125
EV_009,889.0,47582.04,32.150001525878906,34.16242218017578,2.012420654296875
EV_009,891.0,47582.04,32.150001525878906,33.02008056640625,0.8700790405273438
EV_009,893.0,47582.04,32.150001525878906,33.59761428833008,1.4476127624511719
EV_009,894.0,47582.04,32.150001525878906,32.839080810546875,0.6890792846679688
EV_009,895.0,47582.04,32.150001525878906,33.68230056762695,1.5322990417480469
EV_009,896.0,47582.04,32.150001525878906,34.86159896850586,2.711597442626953
EV_009,897.0,47582.04,32.150001525878906,34.90223693847656,2.7522354125976562
EV_009,898.0,47582.04,32.150001525878906,35.0233154296875,2.8733139038085938
EV_009,899.0,47582.04,32.150001525878906,35.33320236206055,3.1832008361816406
EV_009,900.0,47582.04,32.150001525878906,35.082305908203125,2.9323043823242188
EV_009,901.0,47582.04,32.150001525878906,34.9154052734375,2.7654037475585938
EV_009,902.0,47582.04,32.150001525878906,34.071834564208984,1.9218330383300781
EV_009,903.0,47582.04,32.150001525878906,34.067161560058594,1.9171600341796875
EV_009,904.0,47582.04,32.150001525878906,32.79549789428711,0.6454963684082031
EV_009,905.0,47582.04,32.150001525878906,32.910274505615234,0.7602729797363281
EV_009,906.0,47582.04,32.150001525878906,32.63014221191406,0.48014068603515625
EV_009,907.0,47582.04,32.150001525878906,32.76727294921875,0.6172714233398438
EV_009,908.0,47582.04,32.150001525878906,32.963050842285156,0.81304931640625
EV_009,910.0,47582.04,32.150001525878906,32.53544235229492,0.3854408264160156
EV_009,911.0,47582.04,32.150001525878906,32.5068244934082,0.3568229675292969
EV_009,912.0,47582.04,32.150001525878906,32.67593002319336,0.5259284973144531
EV_009,913.0,47582.04,32.150001525878906,32.62453842163086,0.4745368957519531
EV_009,914.0,47582.04,32.150001525878906,32.55607223510742,0.4060707092285156
EV_009,915.0,47582.04,32.150001525878906,32.594276428222656,0.44427490234375
EV_009,916.0,47582.04,32.150001525878906,32.77751159667969,0.6275100708007812
EV_009,917.0,47582.04,32.150001525878906,32.99082565307617,0.8408241271972656
EV_009,918.0,47582.04,32.150001525878906,32.53800964355469,0.38800811767578125
EV_009,919.0,47582.04,32.150001525878906,32.85847473144531,0.7084732055664062
EV_009,922.0,47582.04,32.150001525878906,32.71889877319336,0.5688972473144531
EV_009,923.0,47582.04,32.150001525878906,32.78321075439453,0.633209228515625
EV_009,924.0,47582.04,32.150001525878906,32.69387435913086,0.5438728332519531
EV_009,925.0,47582.04,32.150001525878906,32.69881820678711,0.5488166809082031
EV_009,926.0,47582.04,32.150001525878906,32.60771560668945,0.4577140808105469
EV_009,927.0,47582.04,32.150001525878906,32.70661544799805,0.5566139221191406
EV_009,928.0,47582.04,32.150001525878906,32.85403060913086,0.7040290832519531
EV_009,929.0,47582.04,32.150001525878906,32.70790100097656,0.5578994750976562
EV_009,930.0,47582.04,32.150001525878906,32.60377883911133,0.4537773132324219
EV_009,931.0,47582.04,32.150001525878906,32.647953033447266,0.4979515075683594
EV_009,932.0,47582.04,32.150001525878906,32.572723388671875,0.42272186279296875
EV_009,933.0,47582.04,32.150001525878906,32.71004104614258,0.5600395202636719
EV_010,460.0,23800.43,35.66999816894531,34.426570892333984,-1.2434272766113281
EV_010,467.0,23800.43,35.66999816894531,34.39181137084961,-1.2781867980957031
EV_010,469.0,23800.43,35.66999816894531,33.931156158447266,-1.7388420104980469
EV_010,470.0,23800.43,35.66999816894531,34.422149658203125,-1.2478485107421875
EV_010,471.0,23800.43,35.66999816894531,34.57879638671875,-1.0912017822265625
EV_010,472.0,23800.43,35.66999816894531,32.691246032714844,-2.9787521362304688
EV_010,474.0,23800.43,35.66999816894531,34.005577087402344,-1.6644210815429688
EV_010,475.0,23800.43,35.66999816894531,34.175025939941406,-1.4949722290039062
EV_010,476.0,23800.43,35.66999816894531,34.3853645324707,-1.2846336364746094
EV_010,480.0,23800.43,35.66999816894531,32.53963088989258,-3.1303672790527344
EV_010,481.0,23800.43,35.66999816894531,33.938087463378906,-1.7319107055664062
EV_010,485.0,23800.43,35.66999816894531,33.70044708251953,-1.9695510864257812
EV_010,487.0,23800.43,35.66999816894531,32.62389373779297,-3.0461044311523438
EV_010,488.0,23800.43,35.66999816894531,33.02924346923828,-2.6407546997070312
EV_010,489.0,23800.43,35.66999816894531,32.57239532470703,-3.0976028442382812
EV_010,490.0,23800.43,35.66999816894531,32.556541442871094,-3.1134567260742188
EV_010,493.0,23800.43,35.66999816894531,33.405460357666016,-2.264537811279297
EV_010,494.0,23800.43,35.66999816894531,33.64354705810547,-2.0264511108398438
EV_010,495.0,23800.43,35.66999816894531,33.96152877807617,-1.7084693908691406
EV_010,497.0,23800.43,35.66999816894531,33.77144241333008,-1.8985557556152344
EV_010,498.0,23800.43,35.66999816894531,34.16795349121094,-1.502044677734375
EV_010,500.0,23800.43,35.66999816894531,32.6208381652832,-3.0491600036621094
EV_010,501.0,23800.43,35.66999816894531,32.696044921875,-2.9739532470703125
EV_010,502.0,23800.43,35.66999816894531,32.90729522705078,-2.7627029418945312
EV_010,503.0,23800.43,35.66999816894531,32.965736389160156,-2.7042617797851562
EV_010,505.0,23800.43,35.66999816894531,32.70017623901367,-2.9698219299316406
EV_010,506.0,23800.43,35.66999816894531,32.74467849731445,-2.9253196716308594
EV_010,507.0,23800.43,35.66999816894531,32.64930725097656,-3.02069091796875
EV_010,508.0,23800.43,35.66999816894531,32.751346588134766,-2.918651580810547
EV_010,509.0,23800.43,35.66999816894531,32.864566802978516,-2.805431365966797
EV_010,510.0,23800.43,35.66999816894531,33.3681755065918,-2.3018226623535156
EV_010,512.0,23800.43,35.66999816894531,32.65937042236328,-3.0106277465820312
EV_010,513.0,23800.43,35.66999816894531,32.91925811767578,-2.7507400512695312
EV_010,514.0,23800.43,35.66999816894531,33.267826080322266,-2.402172088623047
EV_010,515.0,23800.43,35.66999816894531,32.711090087890625,-2.9589080810546875
EV_010,516.0,23800.43,35.66999816894531,32.63431930541992,-3.0356788635253906
EV_010,517.0,23800.43,35.66999816894531,32.627235412597656,-3.0427627563476562
EV_010,518.0,23800.43,35.66999816894531,32.76537322998047,-2.9046249389648438
EV_010,519.0,23800.43,35.66999816894531,33.51200866699219,-2.157989501953125
EV_010,520.0,23800.43,35.66999816894531,33.85962677001953,-1.8103713989257812
EV_010,521.0,23800.43,35.66999816894531,33.522979736328125,-2.1470184326171875
EV_010,522.0,23800.43,35.66999816894531,33.85796356201172,-1.8120346069335938
EV_010,523.0,23800.43,35.66999816894531,33.25224304199219,-2.417755126953125
EV_010,524.0,23800.43,35.66999816894531,33.03338623046875,-2.6366119384765625
EV_010,525.0,23800.43,35.66999816894531,32.78205108642578,-2.8879470825195312
EV_010,526.0,23800.43,35.66999816894531,33.727378845214844,-1.9426193237304688
EV_010,527.0,23800.43,35.66999816894531,33.7720947265625,-1.8979034423828125
EV_010,528.0,23800.43,35.66999816894531,33.608177185058594,-2.0618209838867188
EV_010,529.0,23800.43,35.66999816894531,34.077693939208984,-1.5923042297363281
EV_010,530.0,23800.43,35.66999816894531,34.1374626159668,-1.5325355529785156
EV_010,531.0,23800.43,35.66999816894531,32.66724395751953,-3.0027542114257812
EV_010,532.0,23800.43,35.66999816894531,32.69442367553711,-2.975574493408203
EV_010,533.0,23800.43,35.66999816894531,33.737911224365234,-1.9320869445800781
EV_010,536.0,23800.43,35.66999816894531,33.249000549316406,-2.4209976196289062
EV_010,537.0,23800.43,35.66999816894531,32.59239959716797,-3.0775985717773438
EV_010,539.0,23800.43,35.66999816894531,32.64189147949219,-3.028106689453125
EV_010,540.0,23800.43,35.66999816894531,32.666175842285156,-3.0038223266601562
EV_010,541.0,23800.43,35.66999816894531,33.49886703491211,-2.171131134033203
EV_010,542.0,23800.43,35.66999816894531,33.02127456665039,-2.648723602294922
EV_010,545.0,23800.43,35.66999816894531,32.61052322387695,-3.0594749450683594
EV_010,546.0,23800.43,35.66999816894531,32.77290725708008,-2.8970909118652344
EV_010,547.0,23800.43,35.66999816894531,32.702884674072266,-2.967113494873047
EV_010,548.0,23800.43,35.66999816894531,32.603233337402344,-3.0667648315429688
EV_010,549.0,23800.43,35.66999816894531,32.57624816894531,-3.09375
EV_010,550.0,23800.43,35.66999816894531,32.67588806152344,-2.994110107421875
EV_010,551.0,23800.43,35.66999816894531,32.65858459472656,-3.01141357421875
EV_010,552.0,23800.43,35.66999816894531,32.64357376098633,-3.0264244079589844
EV_010,553.0,23800.43,35.66999816894531,32.68259048461914,-2.987407684326172
EV_010,554.0,23800.43,35.66999816894531,32.696868896484375,-2.9731292724609375
EV_010,555.0,23800.43,35.66999816894531,32.60636520385742,-3.0636329650878906
EV_010,556.0,23800.43,35.66999816894531,32.97368240356445,-2.6963157653808594
EV_010,557.0,23800.43,35.66999816894531,32.73215103149414,-2.937847137451172
EV_010,559.0,23800.43,35.66999816894531,32.78791046142578,-2.8820877075195312
EV_010,560.0,23800.43,35.66999816894531,33.47918701171875,-2.1908111572265625
EV_010,561.0,23800.43,35.66999816894531,32.686012268066406,-2.9839859008789062
