id,id_segment,volt_V,current_A,soc_pct,max_single_volt_V,min_single_volt_V,max_temp_C,min_temp_C,timestamp_s,avg_speed_kmh,hvac_active,payload_kg,regenerative_braking_Ah,motor_rpm,gear_position,accelerator_pedal_pct,brake_pedal_pct,charger_connected,label,car_id,car_model,mileage_km,actual_max_capacity_Ah,nominal_capacity_Ah
RC927118,RC927118_9,413.245,-21.5,42.24,4.147,3.873,27.811,23.991,0,0.0,0,62.21,0.0,0.0,P,0.0,0.0,1,00,EV_103,SimuProA-3,112918.0,197.17,210.0
RC927118,RC927118_9,413.666,-22.5,42.25,4.148,3.874,27.812,23.992,10,0.0,0,62.21,0.0,0.0,P,0.0,0.0,1,00,EV_103,SimuProA-3,112918.0,197.17,210.0
RC927118,RC927118_9,414.183,-23.7,42.28,4.149,3.875,27.814,23.993,20,0.0,0,62.21,0.0,0.0,P,0.0,0.0,1,00,EV_103,SimuProA-3,112918.0,197.17,210.0
RC927118,RC927118_9,413.892,-24.2,42.32,4.15,3.876,27.816,23.994,30,0.0,0,62.21,0.0,0.0,P,0.0,0.0,1,00,EV_103,SimuProA-3,112918.0,197.17,210.0
RC927118,RC927118_9,413.999,-20.8,42.34,4.151,3.877,27.818,23.995,40,0.0,0,62.21,0.0,0.0,P,0.0,0.0,1,00,EV_103,SimuProA-3,112918.0,197.17,210.0
RC927118,RC927118_9,414.208,-24.7,42.36,4.152,3.878,27.821,23.996,50,0.0,0,62.21,0.0,0.0,P,0.0,0.0,1,00,EV_103,SimuProA-3,112918.0,197.17,210.0
RC927118,RC927118_9,414.184,-22.3,42.4,4.153,3.879,27.823,23.997,60,0.0,0,62.21,0.0,0.0,P,0.0,0.0,1,00,EV_103,SimuProA-3,112918.0,197.17,210.0
RC927118,RC927118_9,414.04,-22.3,42.41,4.154,3.88,27.825,23.998,70,0.0,0,62.21,0.0,0.0,P,0.0,0.0,1,00,EV_103,SimuProA-3,112918.0,197.17,210.0
RC927118,RC927118_9,414.357,-22.7,42.44,4.155,3.881,27.828,23.999,80,0.0,0,62.21,0.0,0.0,P,0.0,0.0,1,00,EV_103,SimuProA-3,112918.0,197.17,210.0
RC927118,RC927118_9,414.188,-19.3,42.45,4.156,3.882,27.831,24.001,90,0.0,0,62.21,0.0,0.0,P,0.0,0.0,1,00,EV_103,SimuProA-3,112918.0,197.17,210.0
RC927118,RC927118_9,414.253,-26.6,42.5,4.157,3.883,27.834,24.003,100,0.0,0,62.21,0.0,0.0,P,0.0,0.0,1,00,EV_103,SimuProA-3,112918.0,197.17,210.0
RC927118,RC927118_9,414.529,-21.8,42.55,4.158,3.884,27.836,24.004,110,0.0,0,62.21,0.0,0.0,P,0.0,0.0,1,00,EV_103,SimuProA-3,112918.0,197.17,210.0
RC927118,RC927118_9,414.044,-24.8,42.56,4.159,3.885,27.839,24.006,120,0.0,0,62.21,0.0,0.0,P,0.0,0.0,1,00,EV_103,SimuProA-3,112918.0,197.17,210.0
RC927118,RC927118_9,414.196,-23.7,42.6,4.16,3.886,27.841,24.007,130,0.0,0,62.21,0.0,0.0,P,0.0,0.0,1,00,EV_103,SimuProA-3,112918.0,197.17,210.0
RC927118,RC927118_9,414.591,-21.5,42.64,4.161,3.887,27.843,24.008,140,0.0,0,62.21,0.0,0.0,P,0.0,0.0,1,00,EV_103,SimuProA-3,112918.0,197.17,210.0
RC927118,RC927118_9,414.776,-25.0,42.67,4.162,3.888,27.846,24.009,150,0.0,0,62.21,0.0,0.0,P,0.0,0.0,1,00,EV_103,SimuProA-3,112918.0,197.17,210.0
RC927118,RC927118_9,414.979,-21.0,42.72,4.163,3.889,27.848,24.01,160,0.0,0,62.21,0.0,0.0,P,0.0,0.0,1,00,EV_103,SimuProA-3,112918.0,197.17,210.0
RC927118,RC927118_9,415.264,-21.0,42.75,4.164,3.89,27.85,24.011,170,0.0,0,62.21,0.0,0.0,P,0.0,0.0,1,00,EV_103,SimuProA-3,112918.0,197.17,210.0
RC927118,RC927118_9,415.319,-24.5,42.79,4.165,3.891,27.852,24.012,180,0.0,0,62.21,0.0,0.0,P,0.0,0.0,1,00,EV_103,SimuProA-3,112918.0,197.17,210.0
RC927118,RC927118_9,415.503,-21.3,42.83,4.166,3.892,27.854,24.013,190,0.0,0,62.21,0.0,0.0,P,0.0,0.0,1,00,EV_103,SimuProA-3,112918.0,197.17,210.0
RC927118,RC927118_9,415.332,-22.0,42.87,4.167,3.893,27.856,24.014,200,0.0,0,62.21,0.0,0.0,P,0.0,0.0,1,00,EV_103,SimuProA-3,112918.0,197.17,210.0
RC927118,RC927118_9,415.537,-19.8,42.9,4.168,3.894,27.859,24.015,210,0.0,0,62.21,0.0,0.0,P,0.0,0.0,1,00,EV_103,SimuProA-3,112918.0,197.17,210.0
RC927118,RC927118_9,415.761,-23.5,42.94,4.169,3.895,27.861,24.016,220,0.0,0,62.21,0.0,0.0,P,0.0,0.0,1,00,EV_103,SimuProA-3,112918.0,197.17,210.0
RC927118,RC927118_9,415.673,-23.8,42.98,4.17,3.896,27.863,24.017,230,0.0,0,62.21,0.0,0.0,P,0.0,0.0,1,00,EV_103,SimuProA-3,112918.0,197.17,210.0
RC927118,RC927118_9,416.363,-21.5,43.01,4.171,3.897,27.865,24.018,240,0.0,0,62.21,0.0,0.0,P,0.0,0.0,1,00,EV_103,SimuProA-3,112918.0,197.17,210.0
RC927118,RC927118_9,415.367,-19.5,43.04,4.172,3.898,27.867,24.019,250,0.0,0,62.21,0.0,0.0,P,0.0,0.0,1,00,EV_103,SimuProA-3,112918.0,197.17,210.0
RC927118,RC927118_9,416.371,-20.2,43.04,4.173,3.899,27.869,24.02,260,0.0,0,62.21,0.0,0.0,P,0.0,0.0,1,00,EV_103,SimuProA-3,112918.0,197.17,210.0
RC927118,RC927118_9,415.653,-22.3,43.07,4.174,3.9,27.871,24.021,270,0.0,0,62.21,0.0,0.0,P,0.0,0.0,1,00,EV_103,SimuProA-3,112918.0,197.17,210.0
RC927118,RC927118_9,415.814,-20.5,43.09,4.175,3.901,27.873,24.022,280,0.0,0,62.21,0.0,0.0,P,0.0,0.0,1,00,EV_103,SimuProA-3,112918.0,197.17,210.0
RC927118,RC927118_9,416.211,-21.5,43.12,4.176,3.902,27.875,24.024,290,0.0,0,62.21,0.0,0.0,P,0.0,0.0,1,00,EV_103,SimuProA-3,112918.0,197.17,210.0
RC927118,RC927118_9,415.971,-17.9,43.13,4.177,3.903,27.878,24.025,300,0.0,0,62.21,0.0,0.0,P,0.0,0.0,1,00,EV_103,SimuProA-3,112918.0,197.17,210.0
RC927118,RC927118_9,416.727,-22.9,43.16,4.178,3.904,27.88,24.027,310,0.0,0,62.21,0.0,0.0,P,0.0,0.0,1,00,EV_103,SimuProA-3,112918.0,197.17,210.0
RC927118,RC927118_9,416.938,-21.9,43.2,4.179,3.905,27.882,24.029,320,0.0,0,62.21,0.0,0.0,P,0.0,0.0,1,00,EV_103,SimuProA-3,112918.0,197.17,210.0
RC927118,RC927118_9,416.577,-23.2,43.2,4.18,3.906,27.884,24.031,330,0.0,0,62.21,0.0,0.0,P,0.0,0.0,1,00,EV_103,SimuProA-3,112918.0,197.17,210.0
RC927118,RC927118_9,416.06,-22.4,43.22,4.181,3.907,27.885,24.032,340,0.0,0,62.21,0.0,0.0,P,0.0,0.0,1,00,EV_103,SimuProA-3,112918.0,197.17,210.0
RC927118,RC927118_9,415.96,-22.2,43.24,4.182,3.908,27.886,24.033,350,0.0,0,62.21,0.0,0.0,P,0.0,0.0,1,00,EV_103,SimuProA-3,112918.0,197.17,210.0
RC927118,RC927118_9,416.6,-20.4,43.26,4.183,3.909,27.887,24.034,360,0.0,0,62.21,0.0,0.0,P,0.0,0.0,1,00,EV_103,SimuProA-3,112918.0,197.17,210.0
RC927118,RC927118_9,416.439,-21.8,43.29,4.184,3.91,27.888,24.035,370,0.0,0,62.21,0.0,0.0,P,0.0,0.0,1,00,EV_103,SimuProA-3,112918.0,197.17,210.0
RC927118,RC927118_9,416.035,-23.4,43.31,4.184,3.91,27.889,24.036,380,0.0,0,62.21,0.0,0.0,P,0.0,0.0,1,00,EV_103,SimuProA-3,112918.0,197.17,210.0
RC927118,RC927118_9,416.637,-19.2,43.33,4.185,3.911,27.89,24.037,390,0.0,0,62.21,0.0,0.0,P,0.0,0.0,1,00,EV_103,SimuProA-3,112918.0,197.17,210.0
RC927118,RC927118_9,416.376,-24.5,43.36,4.185,3.911,27.891,24.038,400,0.0,0,62.21,0.0,0.0,P,0.0,0.0,1,00,EV_103,SimuProA-3,112918.0,197.17,210.0
RC927118,RC927118_9,415.779,-21.9,43.38,4.185,3.912,27.892,24.039,410,0.0,0,62.21,0.0,0.0,P,0.0,0.0,1,00,EV_103,SimuProA-3,112918.0,197.17,210.0
RC927118,RC927118_9,416.626,-23.8,43.41,4.186,3.912,27.893,24.04,420,0.0,0,62.21,0.0,0.0,P,0.0,0.0,1,00,EV_103,SimuProA-3,112918.0,197.17,210.0
RC927118,RC927118_9,416.298,-23.0,43.44,4.186,3.913,27.894,24.041,430,0.0,0,62.21,0.0,0.0,P,0.0,0.0,1,00,EV_103,SimuProA-3,112918.0,197.17,210.0
RC927118,RC927118_9,416.535,-21.0,43.48,4.186,3.913,27.895,24.042,440,0.0,0,62.21,0.0,0.0,P,0.0,0.0,1,00,EV_103,SimuProA-3,112918.0,197.17,210.0
RC927118,RC927118_9,416.519,-22.5,43.53,4.187,3.914,27.896,24.043,450,0.0,0,62.21,0.0,0.0,P,0.0,0.0,1,00,EV_103,SimuProA-3,112918.0,197.17,210.0
RC927118,RC927118_9,416.672,-20.3,43.54,4.187,3.914,27.897,24.044,460,0.0,0,62.21,0.0,0.0,P,0.0,0.0,1,00,EV_103,SimuProA-3,112918.0,197.17,210.0
RC927118,RC927118_9,416.372,-24.6,43.58,4.187,3.915,27.898,24.045,470,0.0,0,62.21,0.0,0.0,P,0.0,0.0,1,00,EV_103,SimuProA-3,112918.0,197.17,210.0
RC927118,RC927118_9,416.646,-23.3,43.62,4.188,3.915,27.899,24.046,480,0.0,0,62.21,0.0,0.0,P,0.0,0.0,1,00,EV_103,SimuProA-3,112918.0,197.17,210.0
RC927118,RC927118_9,416.845,-22.0,43.65,4.188,3.916,27.9,24.047,490,0.0,0,62.21,0.0,0.0,P,0.0,0.0,1,00,EV_103,SimuProA-3,112918.0,197.17,210.0
RC927118,RC927118_9,416.888,-24.8,43.68,4.189,3.916,27.902,24.048,500,0.0,0,62.21,0.0,0.0,P,0.0,0.0,1,00,EV_103,SimuProA-3,112918.0,197.17,210.0
RC927118,RC927118_9,416.709,-23.3,43.72,4.19,3.917,27.903,24.049,510,0.0,0,62.21,0.0,0.0,P,0.0,0.0,1,00,EV_103,SimuProA-3,112918.0,197.17,210.0
RC927118,RC927118_9,417.018,-21.3,43.75,4.191,3.917,27.905,24.05,520,0.0,0,62.21,0.0,0.0,P,0.0,0.0,1,00,EV_103,SimuProA-3,112918.0,197.17,210.0
RC927118,RC927118_9,417.498,-22.0,43.79,4.192,3.918,27.908,24.052,530,0.0,0,62.21,0.0,0.0,P,0.0,0.0,1,00,EV_103,SimuProA-3,112918.0,197.17,210.0
RC927118,RC927118_9,417.421,-20.6,43.82,4.193,3.919,27.911,24.054,540,0.0,0,62.21,0.0,0.0,P,0.0,0.0,1,00,EV_103,SimuProA-3,112918.0,197.17,210.0
RC927118,RC927118_9,417.441,-21.8,43.85,4.194,3.92,27.914,24.056,550,0.0,0,62.21,0.0,0.0,P,0.0,0.0,1,00,EV_103,SimuProA-3,112918.0,197.17,210.0
RC927118,RC927118_9,417.842,-19.9,43.88,4.194,3.92,27.916,24.057,560,0.0,0,62.21,0.0,0.0,P,0.0,0.0,1,00,EV_103,SimuProA-3,112918.0,197.17,210.0
RC927118,RC927118_9,417.815,-20.9,43.92,4.195,3.921,27.918,24.058,570,0.0,0,62.21,0.0,0.0,P,0.0,0.0,1,00,EV_103,SimuProA-3,112918.0,197.17,210.0
RC927118,RC927118_9,418.288,-20.7,43.96,4.196,3.921,27.92,24.059,580,0.0,0,62.21,0.0,0.0,P,0.0,0.0,1,00,EV_103,SimuProA-3,112918.0,197.17,210.0
RC927118,RC927118_9,418.404,-19.7,43.99,4.197,3.922,27.921,24.06,590,0.0,0,62.21,0.0,0.0,P,0.0,0.0,1,00,EV_103,SimuProA-3,112918.0,197.17,210.0
RC927118,RC927118_9,417.977,-21.7,44.02,4.198,3.923,27.923,24.061,600,0.0,0,62.21,0.0,0.0,P,0.0,0.0,1,00,EV_103,SimuProA-3,112918.0,197.17,210.0
RC927118,RC927118_9,418.404,-19.7,44.04,4.199,3.924,27.925,24.062,610,0.0,0,62.21,0.0,0.0,P,0.0,0.0,1,00,EV_103,SimuProA-3,112918.0,197.17,210.0
RC927118,RC927118_9,418.448,-20.7,44.07,4.2,3.925,27.926,24.063,620,0.0,0,62.21,0.0,0.0,P,0.0,0.0,1,00,EV_103,SimuProA-3,112918.0,197.17,210.0
RC927118,RC927118_9,418.793,-18.9,44.11,4.201,3.926,27.927,24.064,630,0.0,0,62.21,0.0,0.0,P,0.0,0.0,1,00,EV_103,SimuProA-3,112918.0,197.17,210.0
