volt_V,accelerator_pedal_pct,payload_kg,motor_rpm,charger_connected,min_single_volt_V,hvac_active,soc_pct,max_single_volt_V,avg_speed_kmh,current_A,nominal_capacity_Ah,vehicle_name,regenerative_braking_Ah,timestamp_s,brake_pedal_pct,id_segment,min_temp_C,mileage_km,id,actual_max_capacity_Ah,label,max_temp_C,gear_position,car_model,car_id
312.653,45.0,83.87,5775.0,0,4.0,1,67.75,4.245,115.5,110.0,185.0,EV_108,0.0,680,0.0,DR624372_15,65.0,27129.43,DR624372,182.02,0.0,65.0,D,SimuProB-3,EV_108
313.752,35.0,83.87,5600.0,0,4.002,1,67.74,4.246,112.0,95.0,185.0,EV_108,0.0,690,0.0,DR624372_15,65.0,27129.74,DR624372,182.02,0.0,65.0,D,SimuProB-3,EV_108
310.384,60.0,83.87,5950.0,0,3.998,1,67.74,4.248,119.0,130.0,185.0,EV_108,0.0,700,0.0,DR624372_15,65.0,27130.07,DR624372,182.02,0.0,65.0,D,SimuProB-3,EV_108
311.763,42.0,83.87,5800.0,0,3.999,1,67.73,4.247,116.0,105.0,185.0,EV_108,0.0,710,0.0,DR624372_15,65.0,27130.39,DR624372,182.02,0.0,65.0,D,SimuProB-3,EV_108
309.488,55.0,83.87,5875.0,0,3.996,1,67.72,4.249,117.5,125.0,185.0,EV_108,0.0,720,0.0,DR624372_15,65.0,27130.72,DR624372,182.02,0.0,65.0,D,SimuProB-3,EV_108
312.99,28.0,83.87,5400.0,0,4.001,1,67.71,4.25,108.0,85.0,185.0,EV_108,0.0,730,0.0,DR624372_15,65.0,27131.02,DR624372,182.02,0.0,65.0,D,SimuProB-3,EV_108
311.723,32.0,83.87,5500.0,0,4.0,1,67.7,4.249,110.0,90.5,185.0,EV_108,0.0,740,0.0,DR624372_15,65.0,27131.33,DR624372,182.02,0.0,65.0,D,SimuProB-3,EV_108
309.817,45.0,83.87,5650.0,0,3.997,1,67.69,4.25,113.0,115.0,185.0,EV_108,0.0,750,0.0,DR624372_15,65.0,27131.64,DR624372,182.02,0.0,65.0,D,SimuProB-3,EV_108
312.034,25.0,83.87,5250.0,0,4.003,1,67.66,4.248,105.0,75.0,185.0,EV_108,0.0,760,0.0,DR624372_15,65.0,27131.93,DR624372,182.02,0.0,65.0,D,SimuProB-3,EV_108
310.644,28.0,83.87,5400.0,0,3.998,1,67.64,4.249,108.0,95.0,185.0,EV_108,0.0,770,0.0,DR624372_15,65.0,27132.23,DR624372,182.02,0.0,65.0,D,SimuProB-3,EV_108
308.054,50.0,83.87,5750.0,0,3.995,1,67.63,4.25,115.0,130.0,185.0,EV_108,0.0,780,0.0,DR624372_15,65.0,27132.55,DR624372,182.02,0.0,65.0,D,SimuProB-3,EV_108
313.002,20.0,83.87,5100.0,0,4.002,1,67.63,4.248,102.0,65.0,185.0,EV_108,0.0,790,0.0,DR624372_15,65.0,27132.83,DR624372,182.02,0.0,65.0,D,SimuProB-3,EV_108
306.228,48.0,83.87,5700.0,0,3.992,1,67.62,4.25,114.0,125.0,185.0,EV_108,0.0,800,0.0,DR624372_15,65.0,27133.15,DR624372,182.02,0.0,65.0,D,SimuProB-3,EV_108
311.548,22.0,83.87,5000.0,0,4.001,1,67.6,4.249,100.0,70.0,185.0,EV_108,0.0,810,0.0,DR624372_15,65.0,27133.42,DR624372,182.02,0.0,65.0,D,SimuProB-3,EV_108
309.639,30.0,83.87,5450.0,0,3.996,1,67.58,4.25,109.0,90.0,185.0,EV_108,0.0,820,0.0,DR624372_15,65.0,27133.73,DR624372,182.02,0.0,65.0,D,SimuProB-3,EV_108
305.435,35.0,83.87,5600.0,0,3.99,1,67.56,4.25,112.0,110.0,185.0,EV_108,0.0,830,0.0,DR624372_15,65.0,27134.04,DR624372,182.02,0.0,65.0,D,SimuProB-3,EV_108
307.997,25.0,83.87,5250.0,0,4.0,1,67.55,4.249,105.0,75.0,185.0,EV_108,0.0,840,0.0,DR624372_15,65.0,27134.33,DR624372,182.02,0.0,65.0,D,SimuProB-3,EV_108
304.846,45.0,83.87,5900.0,0,3.988,1,67.53,4.25,118.0,120.0,185.0,EV_108,0.0,850,0.0,DR624372_15,65.0,27134.66,DR624372,182.02,0.0,65.0,D,SimuProB-3,EV_108
308.351,28.0,83.87,5525.0,0,3.992,1,67.5,4.25,110.5,85.0,185.0,EV_108,0.0,860,0.0,DR624372_15,65.0,27134.97,DR624372,182.02,0.0,65.0,D,SimuProB-3,EV_108
306.493,24.0,83.87,5400.0,0,3.985,1,67.5,4.248,108.0,95.0,185.0,EV_108,0.0,870,0.0,DR624372_15,65.0,27135.27,DR624372,182.02,0.0,65.0,D,SimuProB-3,EV_108
310.927,18.0,83.87,4750.0,0,4.005,1,67.48,4.25,95.0,45.0,185.0,EV_108,0.0,880,0.0,DR624372_15,65.0,27135.53,DR624372,182.02,0.0,65.0,D,SimuProB-3,EV_108
309.003,22.0,83.87,5100.0,0,3.995,1,67.46,4.248,102.0,65.0,185.0,EV_108,0.0,890,0.0,DR624372_15,65.0,27135.81,DR624372,182.02,0.0,65.0,D,SimuProB-3,EV_108
307.59,26.0,83.87,5325.0,0,3.99,1,67.44,4.245,106.5,80.0,185.0,EV_108,0.0,900,0.0,DR624372_15,65.0,27136.11,DR624372,182.02,0.0,65.0,D,SimuProB-3,EV_108
310.331,19.0,83.87,4900.0,0,4.002,1,67.42,4.25,98.0,50.0,185.0,EV_108,0.0,910,0.0,DR624372_15,65.0,27136.38,DR624372,182.02,0.0,65.0,D,SimuProB-3,EV_108
305.728,25.0,83.87,5475.0,0,3.988,1,67.39,4.245,109.5,88.0,185.0,EV_108,0.0,920,0.0,DR624372_15,65.0,27136.68,DR624372,182.02,0.0,65.0,D,SimuProB-3,EV_108
310.062,18.0,83.87,4800.0,0,4.008,1,67.38,4.25,96.0,42.0,185.0,EV_108,0.0,930,0.0,DR624372_15,65.0,27136.95,DR624372,182.02,0.0,65.0,D,SimuProB-3,EV_108
308.173,23.0,83.87,5200.0,0,3.992,1,67.36,4.246,104.0,72.0,185.0,EV_108,0.0,940,0.0,DR624372_15,65.0,27137.24,DR624372,182.02,0.0,65.0,D,SimuProB-3,EV_108
309.478,24.0,83.87,5250.0,0,3.995,1,67.34,4.248,105.0,65.0,185.0,EV_108,0.0,950,0.0,DR624372_15,65.0,27137.53,DR624372,182.02,0.0,65.0,D,SimuProB-3,EV_108
304.626,45.0,83.87,5600.0,0,3.985,1,67.32,4.25,112.0,110.0,185.0,EV_108,0.0,960,0.0,DR624372_15,65.0,27137.84,DR624372,182.02,0.0,65.0,D,SimuProB-3,EV_108
311.616,0.0,83.87,5100.0,0,4.01,1,67.32,4.252,102.0,-45.0,185.0,EV_108,0.05,970,35.0,DR624372_15,65.0,27138.13,DR624372,182.02,0.0,65.0,D,SimuProB-3,EV_108
312.452,20.0,83.87,5300.0,0,4.015,1,67.31,4.25,106.0,48.0,185.0,EV_108,0.0,980,0.0,DR624372_15,65.0,27138.42,DR624372,182.02,0.0,65.0,D,SimuProB-3,EV_108
307.971,42.0,83.87,5700.0,0,3.99,1,67.3,4.248,114.0,95.0,185.0,EV_108,0.0,990,0.0,DR624372_15,65.0,27138.74,DR624372,182.02,0.0,65.0,D,SimuProB-3,EV_108
310.829,0.0,83.87,5000.0,0,4.005,1,67.28,4.25,100.0,-35.0,185.0,EV_108,0.06,1000,25.0,DR624372_15,65.0,27139.02,DR624372,182.02,0.0,65.0,D,SimuProB-3,EV_108
306.105,35.0,83.87,5400.0,0,3.995,1,67.26,4.24,108.0,105.0,185.0,EV_108,0.0,1010,0.0,DR624372_15,65.0,27139.32,DR624372,182.02,0.0,65.0,D,SimuProB-3,EV_108
312.952,0.0,83.87,4900.0,0,4.01,1,67.25,4.245,98.0,-42.0,185.0,EV_108,0.04,1020,30.0,DR624372_15,65.0,27139.59,DR624372,182.02,0.0,65.0,D,SimuProB-3,EV_108
306.22,48.0,83.87,5750.0,0,3.98,1,67.25,4.24,115.0,115.0,185.0,EV_108,0.0,1030,0.0,DR624372_15,65.0,27139.91,DR624372,182.02,0.0,65.0,D,SimuProB-3,EV_108
308.579,38.0,83.87,5425.0,0,3.992,1,67.24,4.242,108.5,98.5,185.0,EV_108,0.0,1040,0.0,DR624372_15,65.0,27140.21,DR624372,182.02,0.0,65.0,D,SimuProB-3,EV_108
304.65,45.0,83.87,5800.0,0,3.985,1,67.22,4.238,116.0,112.0,185.0,EV_108,0.0,1050,0.0,DR624372_15,65.0,27140.53,DR624372,182.02,0.0,65.0,D,SimuProB-3,EV_108
311.213,0.0,83.87,5100.0,0,4.008,1,67.22,4.248,102.0,-28.0,185.0,EV_108,0.05,1060,15.0,DR624372_15,65.0,27140.82,DR624372,182.02,0.0,65.0,D,SimuProB-3,EV_108
309.786,42.0,83.87,5250.0,0,4.005,1,67.19,4.245,105.0,105.0,185.0,EV_108,0.0,1070,0.0,DR624372_15,65.0,27141.11,DR624372,182.02,0.0,65.0,D,SimuProB-3,EV_108
303.921,55.0,83.87,5600.0,0,3.978,1,67.17,4.24,112.0,125.0,185.0,EV_108,0.0,1080,0.0,DR624372_15,65.0,27141.42,DR624372,182.02,0.0,65.0,D,SimuProB-3,EV_108
313.366,0.0,83.87,4750.0,0,4.015,1,67.14,4.252,95.0,-18.0,185.0,EV_108,0.03,1090,8.0,DR624372_15,65.0,27141.69,DR624372,182.02,0.0,65.0,D,SimuProB-3,EV_108
306.883,48.0,83.87,5900.0,0,3.982,1,67.12,4.242,118.0,115.0,185.0,EV_108,0.0,1100,0.0,DR624372_15,65.0,27142.02,DR624372,182.02,0.0,65.0,D,SimuProB-3,EV_108
308.059,0.0,83.87,5000.0,0,4.002,1,67.1,4.246,100.0,-22.0,185.0,EV_108,0.04,1110,12.0,DR624372_15,65.0,27142.3,DR624372,182.02,0.0,65.0,D,SimuProB-3,EV_108
306.285,46.0,83.87,5400.0,0,3.975,1,67.06,4.239,108.0,108.0,185.0,EV_108,0.0,1120,0.0,DR624372_15,65.0,27142.6,DR624372,182.02,0.0,65.0,D,SimuProB-3,EV_108
307.957,45.0,83.87,5500.0,0,3.98,1,67.02,4.24,110.0,112.0,185.0,EV_108,0.0,1130,0.0,DR624372_15,65.0,27142.91,DR624372,182.02,0.0,65.0,D,SimuProB-3,EV_108
305.569,48.0,83.87,5750.0,0,3.972,1,66.97,4.238,115.0,118.0,185.0,EV_108,0.0,1140,0.0,DR624372_15,65.0,27143.22,DR624372,182.02,0.0,65.0,D,SimuProB-3,EV_108
303.766,52.0,83.87,5900.0,0,3.968,1,66.94,4.242,118.0,128.0,185.0,EV_108,0.0,1150,0.0,DR624372_15,65.0,27143.55,DR624372,182.02,0.0,65.0,D,SimuProB-3,EV_108
302.21,55.0,83.87,6000.0,0,3.96,1,66.9,4.235,120.0,135.0,185.0,EV_108,0.0,1160,0.0,DR624372_15,65.0,27143.88,DR624372,182.02,0.0,65.0,D,SimuProB-3,EV_108
304.063,42.0,83.87,5600.0,0,3.965,1,66.86,4.232,112.0,115.0,185.0,EV_108,0.0,1170,0.0,DR624372_15,65.0,27144.19,DR624372,182.02,0.0,65.0,D,SimuProB-3,EV_108
306.166,38.0,83.87,5250.0,0,3.968,1,66.82,4.228,105.0,105.0,185.0,EV_108,0.0,1180,0.0,DR624372_15,65.0,27144.49,DR624372,182.02,0.0,65.0,D,SimuProB-3,EV_108
305.593,39.0,83.87,5300.0,0,3.966,1,66.76,4.23,106.0,108.0,185.0,EV_108,0.0,1190,0.0,DR624372_15,65.0,27144.78,DR624372,182.02,0.0,65.0,D,SimuProB-3,EV_108
304.362,41.0,83.87,5400.0,0,3.969,1,66.73,4.233,108.0,112.0,185.0,EV_108,0.0,1200,0.0,DR624372_15,65.0,27145.08,DR624372,182.02,0.0,65.0,D,SimuProB-3,EV_108
303.6,46.0,83.87,5700.0,0,3.971,1,66.66,4.238,114.0,125.0,185.0,EV_108,0.0,1210,0.0,DR624372_15,65.0,27145.4,DR624372,182.02,0.0,65.0,D,SimuProB-3,EV_108
302.685,48.0,83.87,5800.0,0,3.973,1,66.6,4.24,116.0,130.0,185.0,EV_108,0.0,1220,0.0,DR624372_15,65.0,27145.72,DR624372,182.02,0.0,65.0,D,SimuProB-3,EV_108
304.166,44.0,83.87,5600.0,0,3.97,1,66.55,4.236,112.0,118.0,185.0,EV_108,0.0,1230,0.0,DR624372_15,65.0,27146.03,DR624372,182.02,0.0,65.0,D,SimuProB-3,EV_108
303.473,46.0,83.87,5700.0,0,3.972,1,66.48,4.239,114.0,122.0,185.0,EV_108,0.0,1240,0.0,DR624372_15,65.0,27146.35,DR624372,182.02,0.0,65.0,D,SimuProB-3,EV_108
302.399,42.0,83.87,5450.0,0,3.974,1,66.4,4.242,108.5,115.0,185.0,EV_108,0.0,1250,0.0,DR624372_15,65.0,27146.65,DR624372,182.02,0.0,65.0,D,SimuProB-3,EV_108
301.862,50.0,83.87,5900.0,0,3.975,1,66.31,4.245,118.0,135.0,185.0,EV_108,0.0,1260,0.0,DR624372_15,65.0,27146.98,DR624372,182.02,0.0,65.0,D,SimuProB-3,EV_108
301.749,45.0,83.87,5500.0,0,3.976,1,66.22,4.241,110.0,120.0,185.0,EV_108,0.0,1270,0.0,DR624372_15,65.0,27147.28,DR624372,182.02,0.0,65.0,D,SimuProB-3,EV_108
301.557,0.0,83.87,3200.0,0,3.98,1,66.17,4.1,65.0,-28.5,185.0,EV_108,0.025,0,35.0,DR624372_16,42.1,27147.46,DR624372,182.02,0.0,45.8,D,SimuProB-3,EV_108
303.351,25.0,83.87,2100.0,0,4.0,1,66.14,4.12,42.0,55.0,185.0,EV_108,0.0,10,0.0,DR624372_16,42.3,27147.58,DR624372,182.02,0.0,46.0,D,SimuProB-3,EV_108
302.551,30.0,83.87,1900.0,0,4.01,1,66.12,4.13,38.0,75.0,185.0,EV_108,0.0,20,0.0,DR624372_16,42.5,27147.68,DR624372,182.02,0.0,46.2,D,SimuProB-3,EV_108
301.899,28.0,83.87,1750.0,0,4.012,1,66.1,4.128,35.0,65.0,185.0,EV_108,0.0,30,0.0,DR624372_16,42.6,27147.78,DR624372,182.02,0.0,46.3,D,SimuProB-3,EV_108
300.116,55.0,83.87,2250.0,0,4.005,1,66.09,4.145,45.0,140.0,185.0,EV_108,0.0,40,0.0,DR624372_16,42.8,27147.9,DR624372,182.02,0.0,46.5,D,SimuProB-3,EV_108
302.784,0.0,83.87,1250.0,0,4.015,1,66.09,4.148,25.0,-35.0,185.0,EV_108,0.028,50,65.0,DR624372_16,42.9,27147.97,DR624372,182.02,0.0,46.6,D,SimuProB-3,EV_108
303.392,0.0,83.87,750.0,0,4.018,1,66.07,4.148,15.0,-15.0,185.0,EV_108,0.012,60,45.0,DR624372_16,42.9,27148.01,DR624372,182.02,0.0,46.6,D,SimuProB-3,EV_108
305.108,5.0,83.87,250.0,0,4.015,1,66.07,4.145,5.0,12.0,185.0,EV_108,0.0,70,10.0,DR624372_16,43.0,27148.03,DR624372,182.02,0.0,46.7,D,SimuProB-3,EV_108
304.27,20.0,83.87,1000.0,0,4.012,1,66.07,4.142,20.0,25.0,185.0,EV_108,0.0,80,0.0,DR624372_16,43.1,27148.08,DR624372,182.02,0.0,46.8,D,SimuProB-3,EV_108
388.461,45.0,83.87,1750.0,0,4.01,1,66.06,4.14,35.0,85.0,185.0,EV_108,0.0,90,0.0,DR624372_16,43.2,27148.18,DR624372,182.02,0.0,46.9,D,SimuProB-3,EV_108
372.587,75.0,83.87,3500.0,0,3.995,1,66.04,4.145,55.0,165.0,185.0,EV_108,0.0,100,0.0,DR624372_16,43.3,27148.33,DR624372,182.02,0.0,47.0,D,SimuProB-3,EV_108
395.26,0.0,83.87,1500.0,0,4.02,1,66.03,4.15,30.0,-25.0,185.0,EV_108,0.022,110,55.0,DR624372_16,43.3,27148.41,DR624372,182.02,0.0,47.0,D,SimuProB-3,EV_108
380.76,55.0,83.87,2250.0,0,4.015,1,66.02,4.148,45.0,95.0,185.0,EV_108,0.0,120,0.0,DR624372_16,43.5,27148.53,DR624372,182.02,0.0,47.2,D,SimuProB-3,EV_108
365.626,65.0,83.87,2500.0,0,3.998,1,66.0,4.15,50.0,140.0,185.0,EV_108,0.0,130,0.0,DR624372_16,43.7,27148.67,DR624372,182.02,0.0,47.4,D,SimuProB-3,EV_108
390.52,0.0,83.87,1250.0,0,4.025,1,65.99,4.145,25.0,-30.0,185.0,EV_108,0.025,140,60.0,DR624372_16,43.8,27148.74,DR624372,182.02,0.0,47.5,D,SimuProB-3,EV_108
368.441,60.0,83.87,2400.0,0,4.01,1,65.96,4.145,48.0,135.0,185.0,EV_108,0.0,150,0.0,DR624372_16,43.9,27148.87,DR624372,182.02,0.0,47.6,D,SimuProB-3,EV_108
392.303,0.0,83.87,1100.0,0,4.03,1,65.96,4.15,22.0,-28.0,185.0,EV_108,0.024,160,50.0,DR624372_16,43.9,27148.93,DR624372,182.02,0.0,47.6,D,SimuProB-3,EV_108
375.323,50.0,83.87,2000.0,0,4.005,1,65.94,4.14,40.0,110.0,185.0,EV_108,0.0,170,0.0,DR624372_16,44.0,27149.05,DR624372,182.02,0.0,47.7,D,SimuProB-3,EV_108
391.235,0.0,83.87,900.0,0,4.035,1,65.94,4.15,18.0,-25.0,185.0,EV_108,0.022,180,45.0,DR624372_16,44.1,27149.1,DR624372,182.02,0.0,47.8,D,SimuProB-3,EV_108
384.787,40.0,83.87,1600.0,0,3.995,1,65.92,4.14,32.0,95.0,185.0,EV_108,0.0,190,0.0,DR624372_16,44.2,27149.19,DR624372,182.02,0.0,47.9,D,SimuProB-3,EV_108
369.172,55.0,83.87,2250.0,0,4.005,1,65.91,4.145,45.0,125.0,185.0,EV_108,0.0,200,0.0,DR624372_16,44.3,27149.31,DR624372,182.02,0.0,48.0,D,SimuProB-3,EV_108
388.071,45.0,83.87,1750.0,0,4.012,1,65.89,4.148,35.0,85.0,185.0,EV_108,0.0,210,0.0,DR624372_16,44.4,27149.41,DR624372,182.02,0.0,48.1,D,SimuProB-3,EV_108
378.254,55.0,83.87,2100.0,0,3.998,1,65.86,4.15,42.0,115.0,185.0,EV_108,0.0,220,0.0,DR624372_16,44.5,27149.52,DR624372,182.02,0.0,48.2,D,SimuProB-3,EV_108
365.825,0.0,83.87,750.0,0,4.02,1,65.86,4.145,15.0,-35.0,185.0,EV_108,0.028,230,60.0,DR624372_16,44.55,27149.57,DR624372,182.02,0.0,48.25,D,SimuProB-3,EV_108
390.001,25.0,83.87,1250.0,0,4.018,1,65.86,4.142,25.0,45.0,185.0,EV_108,0.0,240,0.0,DR624372_16,44.6,27149.64,DR624372,182.02,0.0,48.3,D,SimuProB-3,EV_108
372.872,65.0,83.87,2400.0,0,3.992,1,65.84,4.149,48.0,140.0,185.0,EV_108,0.0,250,0.0,DR624372_16,44.65,27149.77,DR624372,182.02,0.0,48.35,D,SimuProB-3,EV_108
385.377,15.0,83.87,900.0,0,4.025,1,65.83,4.145,18.0,30.0,185.0,EV_108,0.015,260,10.0,DR624372_16,44.7,27149.82,DR624372,182.02,0.0,48.4,D,SimuProB-3,EV_108
366.494,60.0,83.87,2250.0,0,3.99,1,65.8,4.15,45.0,125.0,185.0,EV_108,0.0,270,0.0,DR624372_16,44.8,27149.94,DR624372,182.02,0.0,48.5,D,SimuProB-3,EV_108
392.399,5.0,83.87,400.0,0,4.02,1,65.8,4.148,8.0,12.0,185.0,EV_108,0.012,280,25.0,DR624372_16,44.85,27149.97,DR624372,182.02,0.0,48.55,D,SimuProB-3,EV_108
370.737,45.0,83.87,1600.0,0,3.995,1,65.8,4.145,32.0,85.0,185.0,EV_108,0.0,290,0.0,DR624372_16,44.9,27150.06,DR624372,182.02,0.0,48.6,D,SimuProB-3,EV_108
374.384,35.0,83.87,1900.0,0,4.015,1,65.78,4.146,38.0,45.0,185.0,EV_108,0.0,300,0.0,DR624372_16,45.02,27150.17,DR624372,182.02,0.0,48.72,D,SimuProB-3,EV_108
368.577,55.0,83.87,1100.0,0,3.998,1,65.78,4.148,22.0,95.0,185.0,EV_108,0.0,310,0.0,DR624372_16,45.15,27150.23,DR624372,182.02,0.0,48.85,D,SimuProB-3,EV_108
395.718,0.0,83.87,400.0,0,4.055,1,65.76,4.15,8.0,-35.0,185.0,EV_108,0.018,320,65.0,DR624372_16,45.22,27150.25,DR624372,182.02,0.0,48.92,D,SimuProB-3,EV_108
378.301,40.0,83.87,2250.0,0,4.01,1,65.75,4.148,45.0,65.0,185.0,EV_108,0.0,330,0.0,DR624372_16,45.25,27150.38,DR624372,182.02,0.0,48.95,D,SimuProB-3,EV_108
365.0,60.0,83.87,1250.0,0,3.98,1,65.74,4.15,25.0,110.0,185.0,EV_108,0.0,340,0.0,DR624372_16,45.35,27150.44,DR624372,182.02,0.0,49.05,D,SimuProB-3,EV_108
392.023,0.0,83.87,600.0,0,4.045,1,65.72,4.149,12.0,-25.0,185.0,EV_108,0.015,350,45.0,DR624372_16,45.4,27150.48,DR624372,182.02,0.0,49.1,D,SimuProB-3,EV_108
371.971,45.0,83.87,1500.0,0,4.005,1,65.71,4.145,30.0,85.0,185.0,EV_108,0.0,360,0.0,DR624372_16,45.45,27150.56,DR624372,182.02,0.0,49.15,D,SimuProB-3,EV_108
387.838,0.0,83.87,250.0,0,4.06,1,65.68,4.148,5.0,-30.0,185.0,EV_108,0.016,370,55.0,DR624372_16,45.5,27150.58,DR624372,182.02,0.0,49.22,D,SimuProB-3,EV_108
396.487,15.0,83.87,750.0,0,4.105,1,65.68,4.142,15.0,5.0,185.0,EV_108,0.0,380,0.0,DR624372_16,45.55,27150.62,DR624372,182.02,0.0,49.28,D,SimuProB-3,EV_108
